timestamp,site_id,O3,NO2,SO2,NOXasNO2,PM2.5,PM10,temp,humid,pres
2016-01-01,SV [AQ],35.12,0.64,0.01,0.65,3.07,22.54,1.71,77.85,977.5
2016-01-02,SV [AQ],30.15,1.19,0.0,1.22,2.1,5.98,4.73,85.49,970.23
2016-01-03,SV [AQ],23.28,1.91,0.01,1.98,2.08,5.17,4.75,85.09,959.0
2016-01-04,SV [AQ],29.73,1.14,0.02,1.17,8.53,24.79,3.86,84.58,955.15
2016-01-05,SV [AQ],30.51,0.83,0.04,0.85,9.9,26.65,2.62,86.43,961.94
2016-01-06,SV [AQ],26.45,1.06,0.01,1.08,5.65,16.62,3.32,82.79,962.57
2016-01-07,SV [AQ],20.87,2.67,0.01,2.85,3.45,8.17,2.96,89.37,952.29
2016-01-08,SV [AQ],25.4,0.66,0.01,0.7,1.88,6.7,-2.03,90.47,960.25
2016-01-09,SV [AQ],27.84,0.64,0.01,0.66,2.13,5.32,0.67,88.26,955.5
2016-01-10,SV [AQ],29.03,0.77,0.0,0.8,0.83,1.58,2.63,89.13,940.41
2016-01-11,SV [AQ],23.51,0.78,0.0,0.81,1.65,3.92,1.34,92.41,946.54
2016-01-12,SV [AQ],28.66,0.38,0.0,0.39,2.69,9.5,1.47,92.46,966.36
2016-01-13,SV [AQ],32.32,0.15,0.01,0.15,1.69,16.67,-2.41,89.9,973.81
2016-01-14,SV [AQ],38.04,0.1,0.01,0.1,1.43,13.54,-1.41,89.91,976.29
2016-01-15,SV [AQ],38.94,0.1,0.01,0.1,1.76,17.45,-0.98,86.32,987.43
2016-01-16,SV [AQ],30.34,0.17,0.02,0.17,1.17,6.51,-5.78,86.94,994.01
2016-01-17,SV [AQ],24.32,0.54,0.03,0.56,2.85,5.16,-6.15,90.61,987.61
2016-01-18,SV [AQ],26.41,0.34,0.01,0.35,2.52,4.3,-1.09,88.67,981.1
2016-01-19,SV [AQ],29.2,0.27,0.0,0.28,2.33,4.82,-4.41,89.9,984.3
2016-01-20,SV [AQ],27.46,0.19,0.02,0.2,1.27,3.28,-1.52,91.81,985.62
2016-01-21,SV [AQ],24.32,1.66,0.05,1.73,4.2,5.77,0.14,88.57,978.05
2016-01-22,SV [AQ],32.99,0.68,0.0,0.69,1.63,12.26,6.6,81.49,966.89
2016-01-23,SV [AQ],37.31,0.25,0.0,0.25,3.4,31.12,6.6,79.97,980.6
2016-01-24,SV [AQ],32.02,0.45,0.0,0.46,1.99,8.49,10.2,86.54,977.09
2016-01-25,SV [AQ],34.36,0.3,0.0,0.31,3.77,17.34,8.32,77.65,968.66
2016-01-26,SV [AQ],35.79,0.16,0.0,0.17,0.92,6.44,5.93,87.62,957.33
2016-01-27,SV [AQ],37.38,0.12,0.01,0.13,1.68,14.12,1.49,88.73,963.22
2016-01-28,SV [AQ],40.35,0.07,0.0,0.07,1.64,19.04,4.14,80.96,966.8
2016-01-29,SV [AQ],40.41,0.04,0.0,0.05,1.73,21.52,4.2,78.23,954.16
2016-01-30,SV [AQ],39.33,0.04,0.0,0.05,1.71,22.17,0.76,80.23,956.42
2016-01-31,SV [AQ],35.42,0.14,0.0,0.15,1.36,10.82,0.11,91.27,964.53
2016-02-01,SV [AQ],42.21,0.07,0.0,0.07,2.08,28.66,4.7,78.72,952.8
2016-02-02,SV [AQ],34.64,0.07,0.0,0.07,1.46,13.09,2.7,86.79,960.43
2016-02-03,SV [AQ],25.89,0.12,0.01,0.13,1.46,17.07,0.84,91.03,981.7
2016-02-04,SV [AQ],33.27,0.14,0.0,0.15,1.16,6.9,3.21,92.07,981.66
2016-02-05,SV [AQ],39.15,0.13,0.0,0.14,1.32,9.42,5.26,82.1,966.6
2016-02-06,SV [AQ],37.01,0.62,0.01,0.65,1.95,11.85,2.77,82.82,950.91
2016-02-07,SV [AQ],36.24,0.2,0.0,0.21,1.5,9.9,3.08,84.62,935.43
2016-02-08,SV [AQ],29.78,0.22,0.0,0.23,1.33,5.2,2.34,91.69,938.43
2016-02-09,SV [AQ],28.17,0.17,0.01,0.18,2.0,16.69,1.66,92.77,948.12
2016-02-10,SV [AQ],34.37,0.12,0.01,0.12,1.69,16.57,1.19,88.26,961.97
2016-02-11,SV [AQ],35.66,0.26,0.01,0.27,2.11,22.29,0.85,86.55,968.81
2016-02-12,SV [AQ],31.38,0.6,0.0,0.68,2.22,11.84,0.32,84.67,967.26
2016-02-13,SV [AQ],38.72,0.42,0.01,0.45,1.55,7.63,-0.37,76.11,965.64
2016-02-14,SV [AQ],37.12,0.21,0.01,0.22,1.57,15.65,-0.5,80.37,976.88
2016-02-15,SV [AQ],36.6,0.18,0.02,0.19,1.19,8.67,0.28,69.43,994.47
2016-02-16,SV [AQ],37.6,0.37,0.01,0.4,1.9,10.46,4.57,76.7,978.89
2016-02-17,SV [AQ],41.21,0.13,0.01,0.14,2.2,23.76,1.97,79.3,975.1
2016-02-18,SV [AQ],39.39,0.11,0.01,0.11,2.29,24.61,1.55,85.47,973.89
2016-02-19,SV [AQ],38.53,0.16,0.01,0.17,1.71,16.01,2.36,86.52,963.98
2016-02-20,SV [AQ],48.58,0.05,0.01,0.05,2.64,39.42,1.71,79.35,958.47
2016-02-21,SV [AQ],47.54,0.05,0.01,0.06,1.89,24.8,1.33,82.43,960.73
2016-02-22,SV [AQ],35.71,0.08,0.01,0.09,2.82,32.82,1.88,87.96,971.34
2016-02-23,SV [AQ],38.06,0.09,0.01,0.09,1.45,19.67,-0.45,91.11,985.08
2016-02-24,SV [AQ],41.02,0.08,0.0,0.09,0.99,7.63,-1.53,91.5,984.96
2016-02-25,SV [AQ],39.52,0.14,0.01,0.16,1.11,5.31,-0.48,89.05,981.01
2016-02-26,SV [AQ],26.12,0.38,0.02,0.42,2.95,4.4,-1.86,80.04,976.36
2016-02-27,SV [AQ],27.3,0.24,0.03,0.26,2.18,3.8,-5.04,78.17,984.91
2016-02-28,SV [AQ],27.15,0.25,0.03,0.27,2.12,3.44,-3.57,79.21,991.58
2016-02-29,SV [AQ],33.23,0.51,0.01,0.55,3.62,5.27,2.9,78.32,980.33
2016-03-01,SV [AQ],38.07,0.22,0.01,0.24,1.11,7.05,3.54,87.35,960.06
2016-03-02,SV [AQ],36.81,0.16,0.01,0.18,1.68,14.34,1.35,93.5,959.7
2016-03-03,SV [AQ],34.15,0.22,0.01,0.23,2.53,23.54,2.04,84.83,967.93
2016-03-04,SV [AQ],33.09,0.24,0.0,0.28,2.02,14.84,2.28,84.47,969.43
2016-03-05,SV [AQ],39.92,0.1,0.01,0.11,1.64,16.62,0.24,85.37,976.83
2016-03-06,SV [AQ],41.16,0.14,0.01,0.15,0.96,2.63,-0.71,88.63,974.58
2016-03-07,SV [AQ],36.57,0.18,0.02,0.2,1.26,4.62,0.06,76.21,978.29
2016-03-08,SV [AQ],40.82,0.11,0.01,0.11,2.32,24.24,2.76,88.95,968.71
2016-03-09,SV [AQ],38.56,0.16,0.01,0.17,2.61,22.09,1.15,86.96,974.45
2016-03-10,SV [AQ],31.52,0.28,0.03,0.31,2.95,15.52,2.17,75.58,987.74
2016-03-11,SV [AQ],30.56,0.53,0.0,0.58,1.92,3.59,6.35,89.57,987.53
2016-03-12,SV [AQ],35.83,0.44,0.0,0.47,1.26,2.74,9.33,88.01,989.28
2016-03-13,SV [AQ],37.21,0.34,0.0,0.37,4.47,8.23,9.26,78.49,1000.09
2016-03-14,SV [AQ],29.1,0.42,0.02,0.45,4.62,5.64,6.63,80.51,1004.3
2016-03-15,SV [AQ],26.08,1.09,0.01,1.2,9.69,11.84,4.57,87.55,1003.95
2016-03-16,SV [AQ],28.37,0.86,0.02,0.93,5.24,8.52,4.83,94.4,1003.46
2016-03-17,SV [AQ],27.71,0.51,0.03,0.55,3.6,5.75,5.53,89.69,999.93
2016-03-18,SV [AQ],30.78,0.57,0.0,0.62,4.74,6.21,4.47,92.66,998.33
2016-03-19,SV [AQ],39.95,0.16,0.0,0.18,3.01,5.42,4.59,87.78,997.87
2016-03-20,SV [AQ],40.75,0.17,0.0,0.19,6.69,12.66,5.68,85.37,992.9
2016-03-21,SV [AQ],42.87,0.11,0.0,0.12,2.84,8.74,6.45,90.1,986.46
2016-03-22,SV [AQ],41.74,0.12,0.0,0.13,3.24,7.09,6.7,82.57,983.66
2016-03-23,SV [AQ],41.07,0.13,0.0,0.15,3.22,9.17,5.45,80.57,978.69
2016-03-24,SV [AQ],41.82,0.09,0.01,0.1,1.84,17.66,4.94,83.25,968.83
2016-03-25,SV [AQ],45.51,0.19,0.01,0.21,2.97,26.79,6.1,73.63,968.64
2016-03-26,SV [AQ],41.4,0.34,0.0,0.38,0.68,1.24,5.72,89.28,951.98
2016-03-27,SV [AQ],36.79,0.19,0.0,0.21,2.2,12.39,4.04,84.04,948.57
2016-03-28,SV [AQ],33.34,0.29,0.0,0.33,2.84,9.72,3.52,89.99,952.3
2016-03-29,SV [AQ],32.24,0.17,0.01,0.19,1.75,7.47,2.05,92.36,962.18
2016-03-30,SV [AQ],31.22,0.19,0.01,0.22,2.05,8.45,1.42,88.47,971.96
2016-03-31,SV [AQ],32.12,0.21,0.01,0.24,1.78,7.08,1.92,81.94,980.91
2016-04-01,SV [AQ],40.05,0.33,0.01,0.37,2.07,6.27,5.47,82.52,970.19
2016-04-02,SV [AQ],39.46,0.26,0.02,0.27,3.59,29.77,6.96,74.72,974.99
2016-04-03,SV [AQ],34.77,0.54,0.01,0.61,4.58,6.26,5.9,92.14,970.89
2016-04-04,SV [AQ],35.99,0.45,0.01,0.51,6.81,7.61,5.78,91.44,970.24
2016-04-05,SV [AQ],39.64,0.18,0.01,0.2,1.48,2.57,5.0,91.81,969.4
2016-04-06,SV [AQ],40.87,0.13,0.01,0.14,1.63,7.27,4.93,89.41,961.13
2016-04-07,SV [AQ],37.09,0.13,0.01,0.15,2.14,9.63,4.9,88.53,974.23
2016-04-08,SV [AQ],33.24,0.19,0.01,0.21,3.16,13.44,4.02,85.99,972.85
2016-04-09,SV [AQ],37.04,0.62,0.01,0.7,2.09,3.53,4.49,91.31,967.39
2016-04-10,SV [AQ],39.42,0.55,0.0,0.65,3.53,6.52,5.65,89.81,978.58
2016-04-11,SV [AQ],43.19,0.34,0.0,0.37,10.42,16.19,5.84,80.15,985.98
2016-04-12,SV [AQ],43.06,0.46,0.02,0.53,5.56,15.96,5.94,76.12,980.04
2016-04-13,SV [AQ],40.48,0.28,0.01,0.31,3.86,12.92,4.96,80.89,980.8
2016-04-14,SV [AQ],42.72,0.18,0.02,0.19,2.03,13.76,4.08,68.34,980.44
2016-04-15,SV [AQ],36.86,0.09,0.01,0.1,2.18,24.16,2.05,82.28,973.46
2016-04-16,SV [AQ],38.96,0.07,0.01,0.08,2.48,27.13,1.45,83.09,976.43
2016-04-17,SV [AQ],41.86,0.08,0.01,0.09,1.92,11.46,5.37,81.38,975.48
2016-04-18,SV [AQ],41.02,0.08,0.04,0.09,2.65,29.5,5.0,80.8,980.11
2016-04-19,SV [AQ],35.58,0.1,0.02,0.12,2.22,19.75,5.53,74.78,994.49
2016-04-20,SV [AQ],39.8,0.09,0.01,0.1,1.63,5.42,7.38,78.73,997.18
2016-04-21,SV [AQ],39.93,0.08,0.02,0.09,2.1,13.31,6.11,76.92,996.39
2016-04-22,SV [AQ],34.64,0.09,0.01,0.1,2.23,14.16,2.63,76.51,994.52
2016-04-23,SV [AQ],40.08,0.09,0.01,0.09,1.32,5.97,2.07,79.14,991.33
2016-04-24,SV [AQ],38.42,0.12,0.01,0.14,1.71,3.86,3.49,82.84,986.92
2016-04-25,SV [AQ],43.28,0.06,0.01,0.07,2.06,20.29,1.7,84.29,981.0
2016-04-26,SV [AQ],37.93,0.06,0.01,0.07,2.4,20.1,0.97,87.56,982.37
2016-04-27,SV [AQ],33.0,0.08,0.01,0.09,2.0,15.97,0.22,91.45,980.61
2016-04-28,SV [AQ],31.58,0.21,0.01,0.24,2.06,11.76,1.58,80.37,974.19
2016-04-29,SV [AQ],38.62,0.22,0.01,0.25,2.3,7.14,3.56,74.71,977.54
2016-04-30,SV [AQ],37.96,0.1,0.01,0.11,2.2,7.9,3.8,82.25,983.15
2016-05-01,SV [AQ],37.05,0.18,0.01,0.2,1.02,3.45,7.5,80.86,978.69
2016-05-02,SV [AQ],38.92,0.08,0.02,0.09,2.25,16.09,6.58,81.15,972.18
2016-05-03,SV [AQ],40.1,0.06,0.02,0.08,3.08,26.61,5.66,83.51,982.2
2016-05-04,SV [AQ],38.89,0.24,0.01,0.29,2.68,12.35,8.55,73.05,981.44
2016-05-05,SV [AQ],40.58,0.13,0.01,0.14,3.51,29.6,8.49,68.07,980.21
2016-05-06,SV [AQ],34.77,0.1,0.01,0.12,3.41,21.1,8.32,70.77,983.16
2016-05-07,SV [AQ],37.25,0.19,0.04,0.22,3.64,15.55,7.48,71.87,983.33
2016-05-08,SV [AQ],50.18,0.44,0.09,0.5,10.88,17.5,12.28,76.98,981.01
2016-05-09,SV [AQ],49.07,0.49,0.13,0.54,10.54,14.26,14.54,66.27,985.34
2016-05-10,SV [AQ],53.67,0.51,0.1,0.56,9.45,13.54,15.88,52.38,985.84
2016-05-11,SV [AQ],49.9,0.37,0.05,0.4,8.51,13.47,13.35,59.55,985.22
2016-05-12,SV [AQ],44.25,0.23,0.04,0.25,4.79,9.74,11.1,72.91,983.85
2016-05-13,SV [AQ],43.28,0.11,0.02,0.13,2.18,12.01,5.98,68.23,987.4
2016-05-14,SV [AQ],44.09,0.08,0.04,0.09,1.49,4.87,5.47,69.85,990.25
2016-05-15,SV [AQ],44.45,0.09,0.01,0.1,2.02,5.21,5.98,85.85,989.68
2016-05-16,SV [AQ],43.11,0.08,0.01,0.1,2.76,6.79,7.7,84.09,987.42
2016-05-17,SV [AQ],42.95,0.13,0.0,0.15,2.26,3.52,8.94,87.46,976.1
2016-05-18,SV [AQ],38.87,0.23,0.0,0.27,0.98,3.14,8.99,89.71,972.03
2016-05-19,SV [AQ],37.39,0.22,0.01,0.28,1.62,6.66,7.82,90.01,971.97
2016-05-20,SV [AQ],38.68,0.08,0.01,0.09,2.01,11.13,8.99,79.74,971.43
2016-05-21,SV [AQ],36.74,0.27,0.01,0.3,0.87,1.95,8.94,89.16,966.0
2016-05-22,SV [AQ],35.29,0.1,0.01,0.11,1.26,2.79,8.38,85.09,974.41
2016-05-23,SV [AQ],31.93,0.13,0.01,0.14,1.31,4.02,10.51,75.7,987.73
2016-05-24,SV [AQ],36.96,0.15,0.0,0.18,1.79,4.86,9.15,78.84,994.18
2016-05-25,SV [AQ],37.72,0.17,0.0,0.2,2.18,9.6,8.44,71.04,992.58
2016-05-26,SV [AQ],37.6,0.19,0.01,0.22,2.6,11.78,8.6,79.55,989.17
2016-05-27,SV [AQ],36.67,0.38,0.01,0.45,3.69,7.99,10.35,80.78,987.92
2016-05-28,SV [AQ],38.69,0.34,0.02,0.38,3.19,5.04,12.49,78.46,985.48
2016-05-29,SV [AQ],36.36,0.33,0.02,0.37,3.09,4.26,11.79,85.7,986.0
2016-05-30,SV [AQ],38.32,0.21,0.0,0.25,3.96,5.49,11.79,85.27,992.05
2016-05-31,SV [AQ],39.83,0.15,0.0,0.17,2.92,4.8,12.4,76.02,996.04
2016-06-01,SV [AQ],41.07,0.13,0.01,0.14,2.26,4.9,11.47,69.43,999.7
2016-06-02,SV [AQ],38.92,0.1,0.0,0.12,2.53,8.08,7.85,82.32,994.97
2016-06-03,SV [AQ],42.36,0.17,0.03,0.2,6.1,23.27,10.76,86.94,989.41
2016-06-04,SV [AQ],36.64,0.21,0.06,0.24,3.41,16.7,12.01,77.39,990.62
2016-06-05,SV [AQ],32.52,0.43,0.04,0.48,3.72,13.87,12.83,72.88,991.02
2016-06-06,SV [AQ],32.24,0.54,0.05,0.59,3.26,9.8,15.33,68.78,990.43
2016-06-07,SV [AQ],34.52,0.42,0.02,0.44,3.42,5.8,14.97,84.56,991.41
2016-06-08,SV [AQ],32.71,0.62,0.04,0.72,3.97,6.44,12.94,91.72,994.1
2016-06-09,SV [AQ],33.6,0.39,0.02,0.44,3.47,5.63,13.66,84.12,988.76
2016-06-10,SV [AQ],34.85,0.4,0.01,0.46,3.98,7.57,11.57,86.42,982.31
2016-06-11,SV [AQ],36.9,0.24,0.0,0.27,2.58,4.58,10.99,90.42,979.02
2016-06-12,SV [AQ],36.98,0.23,0.01,0.27,1.65,2.24,13.7,81.79,974.89
2016-06-13,SV [AQ],36.81,0.3,0.02,0.35,2.31,3.0,14.02,79.34,971.16
2016-06-14,SV [AQ],41.3,0.29,0.02,0.33,4.76,7.18,12.37,71.05,969.16
2016-06-15,SV [AQ],38.89,0.22,0.01,0.27,2.81,9.19,10.04,82.02,971.98
2016-06-16,SV [AQ],31.69,0.11,0.01,0.13,4.13,15.24,8.36,86.06,976.24
2016-06-17,SV [AQ],35.62,0.08,0.01,0.1,4.23,17.74,9.06,78.81,981.67
2016-06-18,SV [AQ],35.64,0.13,0.03,0.15,2.37,8.67,10.0,67.22,987.7
2016-06-19,SV [AQ],28.02,0.3,0.02,0.33,1.83,3.1,12.05,86.8,979.84
2016-06-20,SV [AQ],27.34,0.07,0.01,0.08,3.82,19.19,11.83,79.2,972.96
2016-06-21,SV [AQ],27.91,0.1,0.01,0.12,3.1,12.45,11.76,79.12,977.51
2016-06-22,SV [AQ],24.21,0.14,0.02,0.17,2.23,7.78,12.69,74.53,980.13
2016-06-23,SV [AQ],26.68,0.2,0.02,0.23,3.03,8.72,13.62,72.21,982.33
2016-06-24,SV [AQ],32.05,0.24,0.01,0.28,3.37,5.37,13.3,84.39,982.02
2016-06-25,SV [AQ],36.38,0.15,0.0,0.17,3.0,5.2,12.74,84.51,985.76
2016-06-26,SV [AQ],27.32,0.15,0.0,0.17,2.53,6.04,11.5,88.59,979.73
2016-06-27,SV [AQ],30.26,0.06,0.02,0.07,4.61,21.82,10.34,82.17,978.12
2016-06-28,SV [AQ],33.33,0.09,0.02,0.11,2.88,9.8,11.22,77.98,975.5
2016-06-29,SV [AQ],29.45,0.1,0.01,0.12,2.4,6.33,10.87,79.22,968.09
2016-06-30,SV [AQ],24.11,0.07,0.02,0.09,2.73,5.23,10.4,85.31,967.24
2016-07-01,SV [AQ],25.57,0.07,0.02,0.09,3.08,8.51,9.62,84.61,966.16
2016-07-02,SV [AQ],23.74,0.08,0.01,0.1,1.67,3.95,10.08,81.74,970.09
2016-07-03,SV [AQ],27.99,0.07,0.01,0.09,2.54,7.42,10.44,84.43,978.59
2016-07-04,SV [AQ],27.47,0.09,0.01,0.11,1.84,4.66,10.77,85.29,982.11
2016-07-05,SV [AQ],27.54,0.13,0.01,0.15,1.39,2.52,9.86,86.34,984.57
2016-07-06,SV [AQ],27.91,0.13,0.01,0.15,1.28,2.12,11.43,82.96,983.94
2016-07-07,SV [AQ],29.49,0.08,0.0,0.1,2.79,10.45,12.01,85.05,977.65
2016-07-08,SV [AQ],25.92,0.11,0.01,0.13,1.38,5.47,11.21,91.84,976.1
2016-07-09,SV [AQ],25.31,0.22,0.01,0.27,1.23,2.88,11.75,93.85,973.82
2016-07-10,SV [AQ],22.95,0.15,0.0,0.19,1.36,3.19,14.05,87.55,965.35
2016-07-11,SV [AQ],25.26,0.14,0.01,0.17,1.62,4.69,11.38,95.26,968.69
2016-07-12,SV [AQ],26.34,0.07,0.01,0.09,1.81,5.77,11.08,77.57,977.87
2016-07-13,SV [AQ],24.96,0.09,0.01,0.11,1.57,5.01,11.56,80.86,983.93
2016-07-14,SV [AQ],26.65,0.1,0.01,0.12,1.23,2.47,10.95,79.76,990.63
2016-07-15,SV [AQ],22.44,0.17,0.01,0.22,1.81,5.43,12.87,87.17,982.26
2016-07-16,SV [AQ],29.01,0.05,0.01,0.06,3.26,22.47,11.35,80.33,982.03
2016-07-17,SV [AQ],26.09,0.08,0.01,0.09,1.82,6.26,12.11,88.22,982.54
2016-07-18,SV [AQ],18.46,0.11,0.0,0.14,2.46,5.0,15.33,85.29,983.92
2016-07-19,SV [AQ],24.2,0.21,0.01,0.24,2.56,3.79,19.1,70.42,983.25
2016-07-20,SV [AQ],35.52,0.43,0.01,0.48,4.41,5.2,16.32,91.73,975.7
2016-07-21,SV [AQ],21.57,0.11,0.01,0.14,1.95,3.96,14.93,75.56,980.08
2016-07-22,SV [AQ],21.78,0.23,0.01,0.28,1.7,2.93,14.45,79.7,983.84
2016-07-23,SV [AQ],21.95,0.14,0.0,0.17,1.74,3.02,14.33,75.54,985.2
2016-07-24,SV [AQ],26.79,0.13,0.0,0.15,2.39,6.87,13.41,84.74,982.09
2016-07-25,SV [AQ],23.41,0.09,0.0,0.11,1.48,2.77,12.72,87.29,979.45
2016-07-26,SV [AQ],23.22,0.08,0.01,0.1,1.36,2.12,11.95,86.25,981.53
2016-07-27,SV [AQ],21.75,0.09,0.0,0.11,2.12,6.14,11.27,91.57,979.1
2016-07-28,SV [AQ],23.03,0.07,0.0,0.09,1.63,3.82,11.89,82.3,978.0
2016-07-29,SV [AQ],24.5,0.1,0.01,0.12,2.24,8.47,11.0,89.71,978.58
2016-07-30,SV [AQ],25.8,0.09,0.01,0.11,2.05,8.64,10.53,91.9,979.36
2016-07-31,SV [AQ],27.7,0.11,0.01,0.13,2.02,8.82,10.5,92.79,981.32
2016-08-01,SV [AQ],26.91,0.09,0.01,0.11,1.52,5.34,10.9,86.04,982.4
2016-08-02,SV [AQ],28.68,0.26,0.01,0.3,2.09,6.09,12.3,85.39,975.78
2016-08-03,SV [AQ],25.39,0.23,0.0,0.26,1.12,2.41,14.28,89.81,964.48
2016-08-04,SV [AQ],31.67,0.14,0.01,0.17,1.91,9.92,11.03,94.4,974.12
2016-08-05,SV [AQ],29.62,0.11,0.01,0.12,1.5,4.47,10.84,84.29,984.8
2016-08-06,SV [AQ],26.06,0.16,0.01,0.19,1.7,4.11,12.73,86.37,985.13
2016-08-07,SV [AQ],28.18,0.06,0.01,0.07,2.7,21.85,12.38,81.72,971.27
2016-08-08,SV [AQ],30.09,0.07,0.03,0.08,2.03,20.04,9.56,78.63,982.6
2016-08-09,SV [AQ],26.31,0.07,0.03,0.09,1.29,8.96,8.35,81.0,991.46
2016-08-10,SV [AQ],22.09,0.12,0.01,0.14,0.85,2.28,7.9,94.76,987.38
2016-08-11,SV [AQ],21.6,0.1,0.0,0.12,1.38,5.44,13.58,94.19,980.23
2016-08-12,SV [AQ],34.34,0.08,0.0,0.09,2.01,10.08,14.78,85.95,977.35
2016-08-13,SV [AQ],24.99,0.07,0.01,0.09,2.32,11.38,11.51,92.01,983.64
2016-08-14,SV [AQ],25.98,0.08,0.01,0.09,2.27,9.11,11.71,85.64,991.68
2016-08-15,SV [AQ],22.85,0.2,0.02,0.23,2.19,3.73,12.78,82.31,990.45
2016-08-16,SV [AQ],28.78,0.46,0.02,0.51,5.73,8.89,15.73,74.74,985.8
2016-08-17,SV [AQ],29.09,0.41,0.02,0.47,5.73,9.65,15.96,78.39,982.1
2016-08-18,SV [AQ],34.74,0.29,0.02,0.32,8.47,12.08,14.51,85.57,980.39
2016-08-19,SV [AQ],31.88,0.36,0.01,0.4,3.38,5.46,13.19,83.87,972.27
2016-08-20,SV [AQ],36.54,0.33,0.0,0.37,2.21,8.06,14.93,81.68,965.8
2016-08-21,SV [AQ],32.62,0.21,0.0,0.24,2.86,9.45,13.22,86.17,976.68
2016-08-22,SV [AQ],26.06,0.18,0.01,0.21,2.51,10.58,12.77,88.2,983.18
2016-08-23,SV [AQ],29.83,0.23,0.01,0.26,2.13,8.62,12.23,85.8,988.53
2016-08-24,SV [AQ],26.99,0.18,0.01,0.19,1.52,3.65,13.35,74.5,988.03
2016-08-25,SV [AQ],26.06,0.26,0.02,0.29,2.26,3.67,12.74,82.59,984.59
2016-08-26,SV [AQ],26.87,0.27,0.01,0.29,1.98,4.45,12.08,82.31,979.34
2016-08-27,SV [AQ],21.26,0.13,0.01,0.15,1.44,3.31,10.73,86.88,985.64
2016-08-28,SV [AQ],23.45,0.23,0.01,0.25,2.04,4.4,12.05,87.0,983.49
2016-08-29,SV [AQ],24.39,0.14,0.01,0.16,1.84,5.17,11.6,84.64,984.72
2016-08-30,SV [AQ],31.75,0.19,0.01,0.21,3.01,10.88,16.38,73.96,982.16
2016-08-31,SV [AQ],28.64,0.14,0.01,0.15,3.16,24.02,12.93,82.11,978.1
2016-09-01,SV [AQ],30.08,0.14,0.01,0.16,2.54,15.11,12.53,80.72,980.63
2016-09-02,SV [AQ],27.58,0.08,0.01,0.09,3.62,25.15,12.55,82.12,976.91
2016-09-03,SV [AQ],30.17,0.13,0.01,0.15,2.43,11.52,12.97,83.24,975.22
2016-09-04,SV [AQ],29.49,0.26,0.01,0.28,2.76,7.23,12.49,89.91,978.55
2016-09-05,SV [AQ],28.84,0.42,0.0,0.47,2.92,10.81,14.41,85.29,979.16
2016-09-06,SV [AQ],27.89,0.15,0.01,0.16,2.56,16.09,15.26,76.24,983.24
2016-09-07,SV [AQ],23.27,0.37,0.02,0.43,2.82,7.51,13.38,93.65,982.17
2016-09-08,SV [AQ],29.3,0.58,0.01,0.63,3.42,8.24,14.33,84.38,969.31
2016-09-09,SV [AQ],29.3,0.26,0.01,0.3,1.26,5.04,12.14,82.04,966.76
2016-09-10,SV [AQ],29.62,0.09,0.02,0.1,2.4,22.88,11.59,71.65,973.2
2016-09-11,SV [AQ],37.23,0.17,0.01,0.19,2.27,13.35,11.92,76.31,972.5
2016-09-12,SV [AQ],30.85,0.24,0.01,0.28,2.21,8.66,15.15,84.91,969.65
2016-09-13,SV [AQ],29.39,0.18,0.01,0.2,0.89,1.84,11.76,93.11,982.1
2016-09-14,SV [AQ],34.37,0.18,0.01,0.2,4.05,6.53,11.94,85.88,986.08
2016-09-15,SV [AQ],37.19,0.47,0.02,0.51,15.11,21.42,14.6,91.33,978.62
2016-09-16,SV [AQ],28.14,0.11,0.01,0.12,1.49,8.67,11.45,84.93,982.54
2016-09-17,SV [AQ],27.47,0.15,0.01,0.16,2.09,12.83,11.65,82.03,988.27
2016-09-18,SV [AQ],26.64,0.3,0.01,0.34,2.36,8.33,12.65,84.27,984.74
2016-09-19,SV [AQ],27.46,0.11,0.02,0.12,1.83,12.27,10.49,80.33,990.25
2016-09-20,SV [AQ],29.29,0.23,0.01,0.25,2.88,11.46,9.71,79.99,986.31
2016-09-21,SV [AQ],32.76,0.41,0.01,0.45,2.87,6.2,10.48,79.23,979.84
2016-09-22,SV [AQ],33.03,0.22,0.02,0.24,1.75,9.15,8.91,78.47,980.02
2016-09-23,SV [AQ],35.81,0.24,0.01,0.26,1.72,11.16,10.21,81.27,979.29
2016-09-24,SV [AQ],36.95,0.35,0.01,0.38,0.99,2.21,13.35,89.31,968.49
2016-09-25,SV [AQ],28.56,0.28,0.01,0.3,1.34,6.89,10.04,80.4,970.26
2016-09-26,SV [AQ],27.06,0.2,0.01,0.22,1.94,10.43,8.77,82.43,981.49
2016-09-27,SV [AQ],34.01,0.25,0.01,0.27,2.41,14.6,10.32,85.14,974.1
2016-09-28,SV [AQ],32.4,0.09,0.01,0.11,2.16,20.27,11.95,86.72,972.79
2016-09-29,SV [AQ],39.34,0.08,0.01,0.09,1.15,6.65,7.71,86.89,965.9
2016-09-30,SV [AQ],38.29,0.12,0.01,0.13,1.27,4.67,6.96,85.5,971.65
2016-10-01,SV [AQ],28.18,0.12,0.02,0.13,1.27,3.49,5.04,85.17,978.18
2016-10-02,SV [AQ],23.62,0.29,0.03,0.31,1.71,4.14,5.77,83.76,986.1
2016-10-03,SV [AQ],24.62,1.01,0.03,1.12,6.41,20.0,10.48,71.21,992.63
2016-10-04,SV [AQ],25.98,0.94,0.01,1.01,5.93,17.16,10.9,74.9,999.34
2016-10-05,SV [AQ],30.25,0.37,0.01,0.4,3.4,14.76,10.97,69.35,1000.71
2016-10-06,SV [AQ],29.29,0.51,0.01,0.55,2.82,14.13,8.59,72.92,1000.12
2016-10-07,SV [AQ],33.62,0.48,0.01,0.51,2.33,12.52,8.86,72.39,995.45
2016-10-08,SV [AQ],25.75,0.36,0.01,0.39,2.62,8.16,8.02,84.06,998.16
2016-10-09,SV [AQ],23.6,0.32,0.02,0.35,2.52,6.0,6.13,83.77,999.41
2016-10-10,SV [AQ],23.91,0.47,0.01,0.5,2.84,7.04,4.19,85.52,998.7
2016-10-11,SV [AQ],27.09,0.57,0.01,0.61,3.54,9.8,6.79,85.5,998.29
2016-10-12,SV [AQ],31.2,0.51,0.0,0.55,3.32,11.75,7.27,85.29,996.48
2016-10-13,SV [AQ],29.04,0.67,0.0,0.72,3.32,10.11,8.53,79.92,989.25
2016-10-14,SV [AQ],28.37,0.82,0.0,0.88,3.71,7.35,8.58,88.88,981.08
2016-10-15,SV [AQ],28.63,0.91,0.0,0.97,3.25,6.67,8.96,92.19,976.47
2016-10-16,SV [AQ],28.53,0.98,0.01,1.04,6.84,9.37,7.76,86.4,974.64
2016-10-17,SV [AQ],31.19,0.48,0.0,0.51,1.53,4.21,9.18,83.62,972.48
2016-10-18,SV [AQ],31.37,0.13,0.01,0.15,1.75,10.6,7.02,90.4,980.46
2016-10-19,SV [AQ],28.49,0.15,0.03,0.16,2.06,6.79,7.42,91.96,992.09
2016-10-20,SV [AQ],19.58,0.32,0.05,0.34,2.98,5.54,5.25,90.33,992.9
2016-10-21,SV [AQ],20.05,0.44,0.03,0.47,3.25,5.47,6.69,87.85,988.96
2016-10-22,SV [AQ],19.73,0.67,0.01,0.72,5.94,9.7,7.13,85.07,989.05
2016-10-23,SV [AQ],24.28,0.39,0.03,0.41,8.95,15.6,4.45,85.61,988.68
2016-10-24,SV [AQ],22.4,0.43,0.01,0.46,6.71,9.93,2.87,86.17,987.82
2016-10-25,SV [AQ],20.67,0.7,0.01,0.75,6.05,9.15,3.72,81.83,986.78
2016-10-26,SV [AQ],35.47,0.29,0.01,0.29,4.38,20.32,9.88,76.84,983.1
2016-10-27,SV [AQ],38.63,0.07,0.01,0.08,1.79,14.22,9.83,81.43,983.63
2016-10-28,SV [AQ],44.28,0.09,0.02,0.1,2.37,26.11,7.13,75.09,994.43
2016-10-29,SV [AQ],30.38,0.28,0.01,0.29,2.89,7.43,9.26,84.64,996.83
2016-10-30,SV [AQ],26.68,0.65,0.02,0.68,5.44,9.31,11.29,83.48,993.5
2016-10-31,SV [AQ],31.19,0.36,0.01,0.37,1.81,7.26,7.5,95.11,994.58
2016-11-01,SV [AQ],29.9,0.1,0.02,0.11,1.91,16.05,4.68,90.24,994.23
2016-11-02,SV [AQ],28.18,0.13,0.01,0.14,1.8,15.44,5.25,94.31,990.68
2016-11-03,SV [AQ],33.76,0.17,0.01,0.17,0.97,3.04,5.59,94.39,978.3
2016-11-04,SV [AQ],31.37,0.24,0.0,0.26,1.26,7.39,3.19,89.86,975.25
2016-11-05,SV [AQ],33.89,0.08,0.01,0.09,2.03,16.42,2.77,80.5,981.95
2016-11-06,SV [AQ],28.69,0.18,0.01,0.19,2.48,17.33,2.97,84.46,985.01
2016-11-07,SV [AQ],31.43,0.13,0.01,0.14,1.57,8.5,1.82,87.71,986.38
2016-11-08,SV [AQ],32.59,0.63,0.02,0.65,1.75,4.44,0.63,89.81,972.97
2016-11-09,SV [AQ],28.51,0.89,0.01,0.93,1.93,4.36,1.38,95.31,966.51
2016-11-10,SV [AQ],25.96,0.32,0.01,0.33,1.15,3.45,2.77,95.2,972.38
2016-11-11,SV [AQ],29.56,0.6,0.01,0.63,1.57,4.58,4.33,91.21,978.07
2016-11-12,SV [AQ],34.54,0.18,0.01,0.19,1.62,15.46,6.03,92.31,977.65
2016-11-13,SV [AQ],31.42,0.12,0.0,0.12,1.73,14.86,8.01,89.13,986.81
2016-11-14,SV [AQ],34.27,0.12,0.01,0.13,1.53,11.23,12.3,88.14,983.41
2016-11-15,SV [AQ],38.57,0.08,0.01,0.08,2.1,21.44,8.3,78.09,981.38
2016-11-16,SV [AQ],39.39,0.05,0.01,0.06,2.64,30.76,4.02,80.7,965.16
2016-11-17,SV [AQ],33.38,0.13,0.01,0.13,2.17,16.76,-0.14,91.84,953.1
2016-11-18,SV [AQ],28.63,0.24,0.01,0.25,1.61,7.15,-3.34,93.46,954.9
2016-11-19,SV [AQ],28.64,0.14,0.01,0.15,1.33,6.16,-0.51,91.69,959.28
2016-11-20,SV [AQ],28.8,0.2,0.01,0.21,1.18,3.81,-6.55,92.37,961.93
2016-11-21,SV [AQ],21.57,0.22,0.01,0.23,1.37,5.28,-3.54,90.98,971.08
2016-11-22,SV [AQ],28.09,0.12,0.01,0.13,1.96,17.23,2.11,85.34,976.19
2016-11-23,SV [AQ],27.52,0.29,0.02,0.3,1.38,7.5,-2.81,92.09,990.54
2016-11-24,SV [AQ],20.9,0.25,0.01,0.27,1.46,4.69,-3.55,92.37,996.12
2016-11-25,SV [AQ],26.84,0.17,0.0,0.18,1.66,6.5,1.97,92.32,993.23
2016-11-26,SV [AQ],32.36,0.17,0.0,0.18,1.73,9.9,6.54,97.45,991.86
2016-11-27,SV [AQ],22.62,0.24,0.01,0.24,2.19,19.36,0.94,87.44,997.77
2016-11-28,SV [AQ],21.33,0.48,0.02,0.5,2.6,11.35,-2.42,91.53,998.73
2016-11-29,SV [AQ],34.69,0.36,0.0,0.36,3.17,16.09,4.71,86.82,994.62
2016-11-30,SV [AQ],42.41,0.1,0.01,0.1,1.78,15.31,6.84,83.37,993.35
2016-12-01,SV [AQ],36.36,0.1,0.01,0.11,2.58,14.82,6.86,87.53,993.5
2016-12-02,SV [AQ],24.92,0.26,0.02,0.27,2.67,10.55,4.45,96.37,994.93
2016-12-03,SV [AQ],21.74,0.46,0.01,0.48,3.99,9.56,1.18,96.41,993.62
2016-12-04,SV [AQ],17.11,0.24,0.01,0.24,4.19,8.07,-2.42,91.84,993.76
2016-12-05,SV [AQ],16.93,0.5,0.02,0.51,2.73,4.38,-5.0,93.3,991.83
2016-12-06,SV [AQ],16.3,1.5,0.02,1.55,6.97,9.2,0.64,95.83,984.94
2016-12-07,SV [AQ],32.89,0.38,0.0,0.39,3.21,11.98,12.25,86.69,975.03
2016-12-08,SV [AQ],33.53,0.12,0.0,0.12,3.56,33.37,9.57,75.91,982.39
2016-12-09,SV [AQ],28.68,0.35,0.01,0.35,3.62,21.17,8.62,81.85,977.54
2016-12-10,SV [AQ],35.68,0.07,0.01,0.07,2.94,34.49,7.02,76.29,977.01
2016-12-11,SV [AQ],37.62,0.1,0.01,0.1,2.18,23.07,6.17,87.42,982.75
2016-12-12,SV [AQ],24.98,0.42,0.01,0.43,2.56,8.0,5.82,86.99,983.65
2016-12-13,SV [AQ],24.96,0.6,0.01,0.61,2.58,4.9,3.85,89.7,983.34
2016-12-14,SV [AQ],26.24,1.03,0.01,1.04,3.41,8.09,6.3,84.72,978.86
2016-12-15,SV [AQ],20.76,1.16,0.01,1.24,5.67,10.23,4.14,89.85,979.31
2016-12-16,SV [AQ],21.02,0.76,0.01,0.77,3.25,11.18,2.54,94.95,988.44
2016-12-17,SV [AQ],39.58,0.11,0.01,0.11,1.91,20.87,7.32,80.87,995.72
2016-12-18,SV [AQ],33.42,0.27,0.0,0.27,2.53,17.9,9.93,87.06,994.86
2016-12-19,SV [AQ],32.41,0.23,0.01,0.24,3.19,19.04,6.39,79.28,990.21
2016-12-20,SV [AQ],36.45,0.28,0.01,0.29,1.91,13.75,4.83,72.18,972.82
2016-12-21,SV [AQ],39.88,0.06,0.0,0.06,2.41,31.77,2.27,79.97,969.25
2016-12-22,SV [AQ],42.41,0.05,0.0,0.06,2.0,20.02,2.52,76.49,975.88
2016-12-23,SV [AQ],40.24,0.11,0.0,0.11,1.76,20.37,4.46,80.18,967.52
2016-12-24,SV [AQ],43.03,0.05,0.0,0.05,2.14,27.46,3.02,79.01,970.52
2016-12-25,SV [AQ],40.46,0.05,0.0,0.06,1.99,22.61,7.43,82.18,967.43
2016-12-26,SV [AQ],41.7,0.05,0.0,0.05,2.07,28.27,2.43,78.63,982.76
2016-12-27,SV [AQ],40.29,0.21,0.0,0.21,2.4,18.93,5.56,75.02,1000.82
2016-12-28,SV [AQ],34.09,0.41,0.0,0.41,4.36,18.91,8.34,78.75,998.12
2016-12-29,SV [AQ],32.79,0.33,0.0,0.34,4.75,17.94,9.02,76.32,990.35
2016-12-30,SV [AQ],36.06,0.11,0.01,0.11,2.41,11.11,11.22,85.7,985.21
2016-12-31,SV [AQ],39.26,0.08,0.01,0.08,1.09,9.12,5.73,91.29,983.02
2017-01-01,SV [AQ],39.52,0.06,0.0,0.07,2.19,32.28,1.04,86.12,994.54
2017-01-02,SV [AQ],40.14,0.1,0.01,0.1,1.46,15.01,2.37,93.87,995.41
2017-01-03,SV [AQ],38.19,0.07,0.01,0.08,2.18,25.41,5.78,91.61,987.67
2017-01-04,SV [AQ],39.14,0.08,0.01,0.08,1.57,17.93,1.81,73.71,995.48
2017-01-05,SV [AQ],28.32,0.38,0.02,0.39,2.34,11.14,0.98,76.73,994.98
2017-01-06,SV [AQ],31.45,0.33,0.0,0.34,1.53,5.28,7.82,89.6,990.98
2017-01-07,SV [AQ],28.76,0.18,0.0,0.19,1.17,3.64,5.37,93.9,995.08
2017-01-08,SV [AQ],32.53,0.17,0.0,0.17,1.49,4.47,8.48,86.53,990.27
2017-01-09,SV [AQ],37.75,0.11,0.0,0.11,1.57,15.54,4.97,83.13,966.94
2017-01-10,SV [AQ],37.58,0.07,0.0,0.07,1.66,17.29,5.66,88.24,964.76
2017-01-11,SV [AQ],40.77,0.04,0.0,0.04,2.41,40.2,2.72,80.31,961.53
2017-01-12,SV [AQ],43.01,0.06,0.01,0.07,1.98,28.19,-0.26,83.07,962.75
2017-01-13,SV [AQ],41.67,0.05,0.0,0.06,1.43,19.36,-0.45,93.61,975.53
2017-01-14,SV [AQ],36.15,0.11,0.01,0.12,1.01,6.29,-0.07,96.16,983.84
2017-01-15,SV [AQ],39.24,0.12,0.0,0.12,1.45,10.84,4.04,99.18,986.3
2017-01-16,SV [AQ],38.11,0.15,0.0,0.16,2.96,22.98,6.2,95.53,992.18
2017-01-17,SV [AQ],39.04,0.18,0.0,0.18,3.07,20.57,8.09,87.95,995.78
2017-01-18,SV [AQ],38.44,0.2,0.0,0.21,2.78,14.06,7.67,80.42,997.76
2017-01-19,SV [AQ],30.58,0.3,0.0,0.32,4.31,11.84,7.51,79.55,1000.1
2017-01-20,SV [AQ],18.01,0.58,0.02,0.61,5.8,8.3,1.42,90.1,999.2
2017-01-21,SV [AQ],15.39,1.41,0.05,1.49,7.84,10.23,-1.84,94.65,993.47
2017-01-22,SV [AQ],13.72,1.63,0.1,1.73,12.08,16.4,-1.4,95.34,989.9
2017-01-23,SV [AQ],18.04,0.76,0.03,0.8,10.84,14.94,1.94,84.05,987.96
2017-01-24,SV [AQ],28.62,0.39,0.0,0.4,3.18,10.99,7.8,72.8,981.45
2017-01-25,SV [AQ],34.58,0.39,0.01,0.41,4.03,15.56,9.66,71.45,978.66
2017-01-26,SV [AQ],30.35,1.78,0.06,1.86,8.04,14.49,4.86,49.04,976.06
2017-01-27,SV [AQ],24.94,1.76,0.09,1.84,14.57,20.03,2.42,63.38,971.19
2017-01-28,SV [AQ],22.72,0.72,0.01,0.76,3.67,7.4,1.76,93.16,970.62
2017-01-29,SV [AQ],25.65,0.15,0.01,0.16,1.69,9.02,-0.83,91.35,973.6
2017-01-30,SV [AQ],22.45,0.58,0.02,0.62,2.59,8.76,-0.32,84.56,975.01
2017-01-31,SV [AQ],20.59,1.38,0.01,1.53,1.63,3.65,4.59,90.53,971.5
2017-02-01,SV [AQ],22.25,1.17,0.01,1.26,4.35,10.46,3.91,89.1,966.2
2017-02-02,SV [AQ],31.92,1.3,0.01,1.37,2.97,8.67,7.79,81.14,952.12
2017-02-03,SV [AQ],34.12,0.58,0.0,0.6,2.18,12.41,6.36,73.18,952.65
2017-02-04,SV [AQ],30.99,0.61,0.0,0.64,1.89,7.23,3.64,86.86,954.71
2017-02-05,SV [AQ],20.81,1.16,0.02,1.27,6.08,11.21,0.8,89.97,971.12
2017-02-06,SV [AQ],26.47,1.33,0.02,1.38,4.42,7.46,0.76,83.78,975.74
2017-02-07,SV [AQ],24.88,1.45,0.01,1.48,2.77,7.77,2.1,91.0,980.09
2017-02-08,SV [AQ],25.85,1.12,0.01,1.18,7.26,14.89,0.05,91.67,993.81
2017-02-09,SV [AQ],30.18,0.52,0.02,0.54,3.55,9.54,0.21,78.91,996.78
2017-02-10,SV [AQ],32.25,0.39,0.01,0.41,2.63,6.9,-1.47,80.77,999.6
2017-02-11,SV [AQ],34.9,0.32,0.01,0.34,2.23,6.73,-1.32,80.9,1005.18
2017-02-12,SV [AQ],38.53,0.44,0.01,0.47,3.06,10.35,1.25,77.99,1004.0
2017-02-13,SV [AQ],34.32,0.63,0.13,0.66,9.87,24.41,2.8,79.32,998.16
2017-02-14,SV [AQ],31.72,0.73,0.18,0.78,13.14,28.48,2.6,75.1,991.38
2017-02-15,SV [AQ],21.86,1.52,0.02,1.64,12.09,18.67,4.27,82.92,987.2
2017-02-16,SV [AQ],31.48,0.28,0.01,0.3,1.77,4.05,6.35,89.17,983.91
2017-02-17,SV [AQ],27.9,0.36,0.01,0.38,2.67,4.78,3.68,91.57,988.42
2017-02-18,SV [AQ],34.26,0.28,0.0,0.29,1.32,4.21,7.75,87.88,978.8
2017-02-19,SV [AQ],35.63,0.1,0.01,0.11,1.47,11.22,8.36,86.9,978.87
2017-02-20,SV [AQ],40.58,0.06,0.01,0.07,1.83,18.91,7.33,85.46,974.1
2017-02-21,SV [AQ],41.35,0.07,0.01,0.08,1.5,13.47,5.62,80.03,966.92
2017-02-22,SV [AQ],42.38,0.07,0.01,0.07,2.28,30.02,2.71,85.88,962.7
2017-02-23,SV [AQ],36.35,0.17,0.01,0.19,1.69,13.44,0.72,93.89,962.75
2017-02-24,SV [AQ],38.36,0.26,0.01,0.27,1.22,6.95,0.97,92.69,973.86
2017-02-25,SV [AQ],42.09,0.11,0.01,0.12,1.58,14.53,6.35,85.02,961.35
2017-02-26,SV [AQ],39.67,0.17,0.01,0.18,1.37,8.5,3.62,87.21,954.27
2017-02-27,SV [AQ],38.11,0.17,0.0,0.18,2.16,17.68,-0.31,82.94,949.85
2017-02-28,SV [AQ],39.32,0.14,0.0,0.15,1.76,11.98,-0.72,88.05,952.38
2017-03-01,SV [AQ],35.74,0.1,0.01,0.12,2.03,22.2,0.44,89.4,959.38
2017-03-02,SV [AQ],40.94,0.09,0.01,0.09,2.06,22.79,2.29,82.55,963.63
2017-03-03,SV [AQ],34.7,0.17,0.01,0.18,2.04,11.42,2.27,80.74,966.26
2017-03-04,SV [AQ],34.95,0.61,0.0,0.64,1.89,6.83,2.47,90.93,957.3
2017-03-05,SV [AQ],27.36,0.99,0.01,1.13,4.93,6.51,1.3,91.47,955.69
2017-03-06,SV [AQ],26.66,0.43,0.01,0.49,2.82,7.82,2.75,85.82,969.43
2017-03-07,SV [AQ],37.83,0.31,0.01,0.32,2.5,17.79,2.9,86.2,975.18
2017-03-08,SV [AQ],44.6,0.11,0.01,0.11,1.92,19.05,4.06,84.75,967.52
2017-03-09,SV [AQ],39.7,0.12,0.02,0.12,1.44,9.43,3.02,84.53,982.42
2017-03-10,SV [AQ],31.73,0.67,0.02,0.75,3.29,6.54,4.7,87.36,984.85
2017-03-11,SV [AQ],33.69,0.45,0.0,0.47,2.73,4.74,6.62,84.6,979.57
2017-03-12,SV [AQ],34.28,0.42,0.01,0.46,3.97,11.27,4.72,88.25,979.43
2017-03-13,SV [AQ],44.14,0.08,0.01,0.09,2.65,25.57,7.76,76.91,985.2
2017-03-14,SV [AQ],43.66,0.05,0.02,0.06,3.54,44.37,6.22,76.63,985.3
2017-03-15,SV [AQ],42.06,0.09,0.01,0.1,2.79,27.39,7.33,77.65,989.3
2017-03-16,SV [AQ],45.57,0.08,0.01,0.08,2.36,23.16,4.8,79.78,976.23
2017-03-17,SV [AQ],41.1,0.09,0.01,0.1,1.75,15.67,1.2,93.1,968.56
2017-03-18,SV [AQ],35.73,0.15,0.0,0.17,1.27,5.16,2.9,88.16,968.22
2017-03-19,SV [AQ],45.33,0.09,0.01,0.09,1.59,14.36,4.63,86.3,962.49
2017-03-20,SV [AQ],42.84,0.08,0.01,0.09,1.9,18.11,3.65,77.09,955.67
2017-03-21,SV [AQ],39.84,0.07,0.01,0.07,1.79,15.89,1.5,85.06,961.92
2017-03-22,SV [AQ],39.05,0.16,0.01,0.18,1.68,14.32,0.65,82.88,981.81
2017-03-23,SV [AQ],41.76,0.23,0.02,0.25,2.04,10.26,1.38,73.6,994.73
2017-03-24,SV [AQ],35.39,0.3,0.01,0.32,9.74,19.43,4.88,75.05,998.31
2017-03-25,SV [AQ],36.17,0.29,0.06,0.32,7.16,12.42,6.16,55.71,998.41
2017-03-26,SV [AQ],32.53,0.25,0.04,0.27,3.02,4.83,5.51,61.46,995.39
2017-03-27,SV [AQ],29.3,0.37,0.05,0.41,3.69,5.5,6.38,75.82,990.61
2017-03-28,SV [AQ],34.04,0.39,0.01,0.42,3.81,6.97,4.26,89.38,983.61
2017-03-29,SV [AQ],35.39,0.59,0.01,0.67,4.49,6.66,6.78,90.36,979.81
2017-03-30,SV [AQ],30.76,0.45,0.01,0.5,1.91,5.54,8.61,84.55,975.08
2017-03-31,SV [AQ],35.2,0.4,0.01,0.45,2.06,6.49,8.91,90.74,966.42
2017-04-01,SV [AQ],36.54,0.13,0.01,0.15,2.07,8.66,6.61,89.72,974.56
2017-04-02,SV [AQ],37.47,0.13,0.02,0.15,2.27,8.97,7.36,71.21,985.35
2017-04-03,SV [AQ],36.79,0.35,0.02,0.38,2.74,6.59,8.53,78.55,980.05
2017-04-04,SV [AQ],49.0,0.06,0.03,0.07,2.89,33.23,6.0,71.92,988.42
2017-04-05,SV [AQ],49.43,0.07,0.03,0.08,2.75,27.15,6.35,76.26,995.1
2017-04-06,SV [AQ],43.58,0.07,0.01,0.08,2.82,15.73,8.74,79.07,993.72
2017-04-07,SV [AQ],53.38,0.08,0.01,0.09,2.06,7.98,7.69,78.65,990.4
2017-04-08,SV [AQ],48.23,0.25,0.02,0.27,6.29,9.42,8.4,67.13,985.34
2017-04-09,SV [AQ],38.72,0.2,0.01,0.22,7.15,17.8,6.43,84.68,981.47
2017-04-10,SV [AQ],39.28,0.09,0.02,0.1,1.95,13.64,4.53,87.6,989.35
2017-04-11,SV [AQ],45.57,0.07,0.01,0.08,1.28,7.8,7.6,86.76,982.45
2017-04-12,SV [AQ],45.33,0.06,0.02,0.07,2.56,25.54,5.5,80.2,977.98
2017-04-13,SV [AQ],44.76,0.07,0.02,0.08,1.89,12.21,5.31,86.79,978.86
2017-04-14,SV [AQ],46.97,0.07,0.02,0.08,2.31,17.92,4.41,85.38,975.94
2017-04-15,SV [AQ],40.63,0.07,0.02,0.07,2.28,18.37,4.3,83.45,979.79
2017-04-16,SV [AQ],36.4,0.12,0.02,0.13,1.94,9.11,4.29,83.43,986.49
2017-04-17,SV [AQ],37.14,0.12,0.02,0.14,1.53,5.77,2.44,76.96,994.01
2017-04-18,SV [AQ],38.62,0.16,0.03,0.18,1.59,4.53,3.46,76.22,998.68
2017-04-19,SV [AQ],39.51,0.17,0.01,0.19,2.55,6.01,8.6,79.69,997.86
2017-04-20,SV [AQ],38.93,0.07,0.0,0.08,2.77,11.27,9.78,80.76,996.31
2017-04-21,SV [AQ],45.46,0.06,0.01,0.07,2.18,16.81,5.96,84.73,994.64
2017-04-22,SV [AQ],44.62,0.09,0.02,0.1,1.67,8.52,4.02,81.98,996.6
2017-04-23,SV [AQ],46.62,0.07,0.01,0.08,1.62,7.42,5.63,81.87,987.6
2017-04-24,SV [AQ],40.44,0.06,0.01,0.07,2.22,17.48,1.21,87.4,981.01
2017-04-25,SV [AQ],41.78,0.06,0.01,0.07,2.37,25.86,2.16,77.74,987.51
2017-04-26,SV [AQ],45.94,0.08,0.01,0.1,1.78,8.7,3.65,84.45,988.16
2017-04-27,SV [AQ],44.29,0.08,0.01,0.09,2.06,11.95,5.39,93.64,985.33
2017-04-28,SV [AQ],37.87,0.14,0.01,0.16,2.13,7.16,6.29,85.69,982.29
2017-04-29,SV [AQ],42.8,0.44,0.01,0.49,4.68,6.69,6.21,77.72,977.39
2017-04-30,SV [AQ],45.56,0.57,0.03,0.65,12.06,21.16,8.1,69.02,975.61
2017-05-01,SV [AQ],48.15,0.43,0.04,0.49,12.04,29.22,9.64,68.61,980.89
2017-05-02,SV [AQ],43.28,0.41,0.06,0.45,15.28,23.41,9.12,73.49,992.49
2017-05-03,SV [AQ],41.17,0.34,0.04,0.38,5.24,8.63,9.03,52.39,1000.77
2017-05-04,SV [AQ],45.14,0.21,0.02,0.23,3.03,7.65,8.3,63.42,1001.74
2017-05-05,SV [AQ],43.54,0.25,0.02,0.28,3.24,5.63,7.99,67.34,998.14
2017-05-06,SV [AQ],42.74,0.22,0.01,0.24,3.5,6.57,9.12,67.28,990.98
2017-05-07,SV [AQ],42.24,0.15,0.01,0.17,3.1,14.03,6.59,76.1,994.92
2017-05-08,SV [AQ],43.74,0.15,0.02,0.17,2.07,12.9,7.14,67.64,1000.47
2017-05-09,SV [AQ],39.16,0.18,0.01,0.2,1.84,6.29,5.93,78.44,989.15
2017-05-10,SV [AQ],39.27,0.1,0.01,0.11,1.29,2.53,6.9,79.84,974.01
2017-05-11,SV [AQ],40.23,0.35,0.03,0.39,5.0,9.64,10.5,64.59,966.41
2017-05-12,SV [AQ],42.6,0.35,0.03,0.39,7.01,15.69,12.08,60.23,966.06
2017-05-13,SV [AQ],42.94,0.35,0.01,0.41,6.76,11.96,11.14,84.75,967.48
2017-05-14,SV [AQ],34.77,0.2,0.01,0.22,2.28,9.07,10.64,69.84,978.08
2017-05-15,SV [AQ],34.49,0.37,0.01,0.44,2.08,6.19,11.23,81.56,978.43
2017-05-16,SV [AQ],36.81,0.22,0.01,0.25,3.11,15.81,12.95,71.98,977.84
2017-05-17,SV [AQ],36.1,0.13,0.02,0.16,2.73,18.22,9.84,67.95,980.14
2017-05-18,SV [AQ],30.91,0.1,0.01,0.12,2.31,12.16,8.44,71.31,977.56
2017-05-19,SV [AQ],36.39,0.22,0.02,0.26,2.61,6.83,8.91,71.88,979.07
2017-05-20,SV [AQ],38.62,0.16,0.01,0.18,1.58,3.59,7.77,88.72,977.94
2017-05-21,SV [AQ],33.02,0.15,0.01,0.18,2.1,5.96,10.26,75.4,983.62
2017-05-22,SV [AQ],37.77,0.26,0.01,0.31,2.72,5.51,10.98,76.67,978.98
2017-05-23,SV [AQ],34.66,0.09,0.01,0.11,2.69,12.85,10.55,77.8,983.05
2017-05-24,SV [AQ],33.47,0.09,0.0,0.11,4.24,13.0,13.13,84.65,989.83
2017-05-25,SV [AQ],35.22,0.17,0.01,0.19,2.31,4.14,17.03,69.27,989.44
2017-05-26,SV [AQ],40.08,0.53,0.04,0.6,6.39,9.67,19.17,63.49,983.55
2017-05-27,SV [AQ],44.64,0.56,0.03,0.63,7.4,8.86,15.83,79.25,978.35
2017-05-28,SV [AQ],34.21,0.14,0.01,0.16,1.28,2.63,10.33,84.98,984.81
2017-05-29,SV [AQ],30.96,0.22,0.01,0.27,1.68,3.04,10.94,85.58,981.97
2017-05-30,SV [AQ],33.49,0.34,0.01,0.39,1.61,6.17,10.29,84.91,977.66
2017-05-31,SV [AQ],31.26,0.14,0.03,0.16,1.87,9.89,11.63,63.77,986.38
2017-06-01,SV [AQ],32.62,0.29,0.01,0.33,1.9,3.42,13.35,72.05,981.35
2017-06-02,SV [AQ],28.79,0.11,0.02,0.13,3.23,16.34,11.79,66.13,981.27
2017-06-03,SV [AQ],32.35,0.15,0.03,0.18,2.33,7.31,9.48,77.57,978.94
2017-06-04,SV [AQ],28.8,0.09,0.01,0.11,2.43,8.45,10.01,72.9,976.23
2017-06-05,SV [AQ],32.79,0.17,0.0,0.21,1.37,3.16,8.74,85.47,967.38
2017-06-06,SV [AQ],39.87,0.2,0.0,0.23,0.94,1.9,9.22,88.19,963.62
2017-06-07,SV [AQ],40.27,0.07,0.02,0.08,2.88,8.71,7.58,78.98,972.55
2017-06-08,SV [AQ],38.25,0.17,0.01,0.2,1.77,3.07,8.01,82.53,970.04
2017-06-09,SV [AQ],39.34,0.15,0.01,0.18,0.92,2.6,11.05,81.37,972.65
2017-06-10,SV [AQ],29.96,0.26,0.01,0.32,1.72,3.74,12.76,84.93,972.38
2017-06-11,SV [AQ],26.81,0.15,0.0,0.18,3.4,17.77,12.46,79.15,967.17
2017-06-12,SV [AQ],28.0,0.08,0.01,0.1,2.13,4.78,11.07,89.45,973.25
2017-06-13,SV [AQ],30.79,0.09,0.0,0.11,2.34,6.09,12.31,83.45,980.87
2017-06-14,SV [AQ],32.57,0.15,0.02,0.17,2.58,6.41,14.58,72.74,978.84
2017-06-15,SV [AQ],27.14,0.2,0.01,0.23,3.03,10.79,12.58,76.02,973.43
2017-06-16,SV [AQ],27.1,0.08,0.0,0.1,4.95,19.65,12.43,85.83,983.33
2017-06-17,SV [AQ],26.56,0.1,0.0,0.12,3.92,13.88,13.92,88.89,986.98
2017-06-18,SV [AQ],28.22,0.08,0.02,0.09,4.13,12.15,12.93,78.51,988.35
2017-06-19,SV [AQ],29.57,0.09,0.03,0.11,2.91,7.82,11.13,81.17,988.57
2017-06-20,SV [AQ],31.62,0.1,0.02,0.11,4.24,15.28,12.24,70.12,989.35
2017-06-21,SV [AQ],35.69,0.32,0.01,0.37,4.95,7.53,14.86,79.85,979.42
2017-06-22,SV [AQ],30.11,0.08,0.01,0.1,2.71,5.18,12.2,83.43,975.82
2017-06-23,SV [AQ],30.42,0.08,0.02,0.1,3.14,15.38,11.87,74.55,970.53
2017-06-24,SV [AQ],28.33,0.05,0.02,0.06,4.51,19.93,9.61,77.74,969.2
2017-06-25,SV [AQ],30.25,0.07,0.02,0.09,4.9,18.81,9.45,82.07,974.55
2017-06-26,SV [AQ],30.24,0.1,0.01,0.12,4.64,15.53,9.73,82.92,981.73
2017-06-27,SV [AQ],33.13,0.34,0.0,0.4,2.92,7.09,9.91,85.35,977.41
2017-06-28,SV [AQ],36.79,0.21,0.01,0.25,2.19,5.5,10.47,76.54,975.65
2017-06-29,SV [AQ],38.57,0.18,0.01,0.21,2.36,8.86,9.52,83.71,975.2
2017-06-30,SV [AQ],35.79,0.15,0.01,0.18,1.66,3.76,10.26,92.26,979.95
2017-07-01,SV [AQ],28.65,0.11,0.01,0.12,2.73,11.28,9.69,83.02,978.07
2017-07-02,SV [AQ],32.34,0.05,0.01,0.06,2.32,10.77,10.57,83.93,980.95
2017-07-03,SV [AQ],26.65,0.06,0.02,0.08,2.64,10.53,10.23,79.82,984.11
2017-07-04,SV [AQ],24.63,0.11,0.01,0.13,2.01,4.84,10.75,79.49,987.76
2017-07-05,SV [AQ],27.67,0.22,0.01,0.26,2.27,4.18,11.65,77.82,987.16
2017-07-06,SV [AQ],28.57,0.3,0.0,0.35,1.73,2.57,12.77,88.24,980.87
2017-07-07,SV [AQ],21.36,0.11,0.01,0.14,2.18,7.61,11.18,85.84,981.55
2017-07-08,SV [AQ],27.19,0.09,0.01,0.1,1.93,8.15,10.61,77.75,981.1
2017-07-09,SV [AQ],23.19,0.08,0.02,0.1,1.59,6.21,11.27,78.45,976.85
2017-07-10,SV [AQ],24.3,0.12,0.01,0.15,1.79,3.81,10.76,78.83,977.05
2017-07-11,SV [AQ],27.04,0.14,0.0,0.17,1.82,3.49,10.55,86.33,978.25
2017-07-12,SV [AQ],26.0,0.11,0.02,0.13,1.42,3.24,11.6,73.58,985.9
2017-07-13,SV [AQ],26.06,0.14,0.01,0.17,1.53,3.24,11.23,80.78,982.57
2017-07-14,SV [AQ],24.38,0.08,0.01,0.1,2.32,9.16,11.12,85.02,983.07
2017-07-15,SV [AQ],24.01,0.14,0.01,0.17,1.31,3.17,13.48,87.63,977.86
2017-07-16,SV [AQ],26.64,0.06,0.01,0.07,3.6,23.43,11.5,78.15,983.9
2017-07-17,SV [AQ],26.7,0.07,0.03,0.08,4.46,30.55,14.38,69.1,987.63
2017-07-18,SV [AQ],26.05,0.17,0.04,0.2,2.76,9.04,15.86,65.87,985.91
2017-07-19,SV [AQ],34.84,0.23,0.01,0.26,5.65,21.22,15.61,70.19,974.97
2017-07-20,SV [AQ],28.73,0.17,0.01,0.19,1.45,4.72,11.4,89.35,971.25
2017-07-21,SV [AQ],28.31,0.29,0.01,0.36,3.04,10.84,12.95,80.52,974.92
2017-07-22,SV [AQ],38.15,0.29,0.01,0.33,5.01,16.96,15.04,73.58,980.52
2017-07-23,SV [AQ],39.09,0.25,0.0,0.28,5.54,10.75,15.23,78.82,984.55
2017-07-24,SV [AQ],34.4,0.14,0.01,0.16,2.28,4.27,13.25,80.4,987.28
2017-07-25,SV [AQ],31.48,0.13,0.0,0.15,2.41,3.73,13.1,77.22,982.83
2017-07-26,SV [AQ],30.36,0.3,0.01,0.35,2.53,6.92,12.87,82.39,965.74
2017-07-27,SV [AQ],23.54,0.08,0.02,0.1,2.18,10.48,11.81,75.54,963.33
2017-07-28,SV [AQ],26.9,0.17,0.01,0.19,1.73,5.83,12.0,82.33,963.72
2017-07-29,SV [AQ],26.47,0.1,0.01,0.12,1.91,7.83,12.0,84.96,964.92
2017-07-30,SV [AQ],25.19,0.17,0.01,0.2,0.93,1.25,12.54,84.21,966.15
2017-07-31,SV [AQ],24.55,0.16,0.01,0.18,1.2,1.93,11.93,87.46,970.59
2017-08-01,SV [AQ],23.72,0.14,0.01,0.17,1.11,1.98,11.68,85.81,974.44
2017-08-02,SV [AQ],26.62,0.19,0.0,0.21,1.13,1.88,13.48,79.55,972.96
2017-08-03,SV [AQ],33.81,0.35,0.0,0.4,1.17,3.11,13.13,93.12,964.55
2017-08-04,SV [AQ],31.98,0.15,0.0,0.17,1.36,3.38,11.4,94.65,973.58
2017-08-05,SV [AQ],28.75,0.09,0.01,0.11,1.76,4.09,10.75,83.88,981.45
2017-08-06,SV [AQ],26.35,0.15,0.01,0.17,1.46,2.06,10.5,83.61,980.68
2017-08-07,SV [AQ],23.85,0.09,0.01,0.1,1.13,2.81,12.05,80.2,978.51
2017-08-08,SV [AQ],25.57,0.1,0.0,0.12,1.2,2.57,11.65,87.36,984.03
2017-08-09,SV [AQ],28.61,0.1,0.01,0.12,1.19,2.25,10.99,82.71,990.98
2017-08-10,SV [AQ],33.53,0.07,0.01,0.08,1.77,6.4,12.5,75.57,986.64
2017-08-11,SV [AQ],25.47,0.11,0.01,0.14,1.16,4.75,13.38,86.08,974.09
2017-08-12,SV [AQ],27.66,0.1,0.02,0.11,1.85,8.95,10.42,85.82,982.02
2017-08-13,SV [AQ],27.22,0.09,0.02,0.1,1.46,4.54,10.78,77.8,985.5
2017-08-14,SV [AQ],24.97,0.31,0.02,0.39,1.27,2.12,11.29,89.74,978.55
2017-08-15,SV [AQ],24.43,0.1,0.01,0.12,1.4,3.84,12.26,81.31,976.55
2017-08-16,SV [AQ],26.61,0.22,0.01,0.26,1.64,5.47,12.83,83.55,975.33
2017-08-17,SV [AQ],24.5,0.16,0.01,0.18,2.73,13.76,13.61,75.81,969.44
2017-08-18,SV [AQ],25.98,0.14,0.01,0.16,1.49,4.52,11.26,88.54,967.23
2017-08-19,SV [AQ],28.27,0.09,0.01,0.1,1.24,6.32,11.57,92.22,974.33
2017-08-20,SV [AQ],27.44,0.09,0.01,0.11,1.71,9.47,11.55,88.42,987.11
2017-08-21,SV [AQ],28.59,0.25,0.01,0.28,2.12,6.74,12.45,81.2,988.26
2017-08-22,SV [AQ],28.45,0.44,0.0,0.49,3.62,5.15,14.49,89.78,985.25
2017-08-23,SV [AQ],28.07,0.43,0.0,0.49,2.67,4.03,15.53,83.32,977.43
2017-08-24,SV [AQ],22.68,0.14,0.01,0.16,1.65,4.47,12.9,83.73,977.96
2017-08-25,SV [AQ],24.56,0.27,0.01,0.3,1.01,1.7,13.3,89.12,980.17
2017-08-26,SV [AQ],23.09,0.18,0.01,0.2,0.91,1.16,13.17,84.78,982.61
2017-08-27,SV [AQ],26.53,0.12,0.01,0.13,1.31,2.46,13.32,81.66,981.24
2017-08-28,SV [AQ],25.93,0.15,0.01,0.18,2.25,13.15,13.93,78.55,975.64
2017-08-29,SV [AQ],27.26,0.07,0.03,0.08,3.48,28.94,11.29,69.71,976.03
2017-08-30,SV [AQ],27.3,0.08,0.02,0.09,2.33,14.9,10.9,79.06,977.28
2017-08-31,SV [AQ],23.61,0.11,0.01,0.13,1.9,7.77,9.3,89.18,983.98
2017-09-01,SV [AQ],27.76,0.12,0.01,0.13,1.27,3.62,10.3,79.33,990.0
2017-09-02,SV [AQ],26.54,0.19,0.01,0.21,1.82,3.05,11.13,75.81,985.35
2017-09-03,SV [AQ],32.1,0.57,0.01,0.64,2.78,5.43,12.72,78.08,974.28
2017-09-04,SV [AQ],27.2,0.56,0.01,0.62,1.64,7.23,13.69,83.22,971.68
2017-09-05,SV [AQ],31.46,0.14,0.01,0.16,2.72,19.3,11.91,76.04,973.43
2017-09-06,SV [AQ],29.58,0.07,0.01,0.08,2.6,25.59,11.41,79.99,978.27
2017-09-07,SV [AQ],27.51,0.12,0.01,0.13,1.39,6.65,10.61,90.62,969.61
2017-09-08,SV [AQ],26.98,0.11,0.01,0.12,0.8,2.08,10.77,89.54,958.65
2017-09-09,SV [AQ],30.95,0.16,0.01,0.19,1.73,7.1,10.48,90.02,965.31
2017-09-10,SV [AQ],26.7,0.17,0.01,0.19,1.4,4.53,9.99,89.71,951.46
2017-09-11,SV [AQ],29.84,0.16,0.01,0.17,1.27,7.51,9.78,93.3,953.73
2017-09-12,SV [AQ],25.71,0.14,0.01,0.15,1.58,8.41,9.34,89.38,962.89
2017-09-13,SV [AQ],28.5,0.15,0.01,0.17,1.04,1.98,8.91,90.57,962.48
2017-09-14,SV [AQ],30.32,0.1,0.01,0.11,1.41,11.03,8.58,91.95,975.92
2017-09-15,SV [AQ],30.48,0.09,0.01,0.1,2.24,22.49,8.34,92.34,983.84
2017-09-16,SV [AQ],34.9,0.1,0.01,0.11,2.36,20.35,7.99,89.77,984.7
2017-09-17,SV [AQ],33.2,0.18,0.01,0.2,2.16,12.31,9.72,81.65,988.07
2017-09-18,SV [AQ],28.62,0.16,0.01,0.17,1.58,6.02,7.67,82.26,987.65
2017-09-19,SV [AQ],26.77,0.21,0.01,0.22,1.74,4.31,8.61,83.09,984.93
2017-09-20,SV [AQ],23.99,0.39,0.01,0.46,2.17,3.34,10.78,93.21,977.48
2017-09-21,SV [AQ],30.06,0.17,0.01,0.19,0.82,1.52,7.35,93.24,978.27
2017-09-22,SV [AQ],29.86,0.59,0.01,0.64,2.19,3.74,7.27,90.05,980.98
2017-09-23,SV [AQ],31.79,0.65,0.01,0.69,2.7,9.19,12.01,78.58,980.43
2017-09-24,SV [AQ],30.21,0.88,0.01,0.96,3.08,5.14,12.67,84.41,983.85
2017-09-25,SV [AQ],28.12,0.75,0.02,0.79,3.89,4.58,11.61,92.24,988.75
2017-09-26,SV [AQ],27.98,0.91,0.01,1.02,14.7,17.1,11.15,89.02,989.24
2017-09-27,SV [AQ],37.49,0.59,0.0,0.63,9.4,12.66,12.61,81.67,983.56
2017-09-28,SV [AQ],33.37,0.83,0.01,0.84,1.93,3.19,12.97,78.15,979.48
2017-09-29,SV [AQ],32.69,0.53,0.01,0.56,3.25,14.95,11.08,74.85,973.32
2017-09-30,SV [AQ],28.91,0.21,0.01,0.22,1.64,8.58,8.0,80.42,976.02
2017-10-01,SV [AQ],28.84,0.39,0.01,0.46,2.28,10.1,7.45,88.97,963.13
2017-10-02,SV [AQ],34.26,0.09,0.01,0.1,2.08,16.97,9.53,84.93,963.86
2017-10-03,SV [AQ],38.85,0.07,0.01,0.08,2.14,20.74,8.69,82.41,979.05
2017-10-04,SV [AQ],35.72,0.07,0.01,0.08,1.8,15.41,8.07,80.15,974.37
2017-10-05,SV [AQ],35.16,0.09,0.02,0.1,2.16,20.54,7.49,87.63,982.6
2017-10-06,SV [AQ],35.61,0.2,0.02,0.21,1.3,8.69,8.08,81.77,986.82
2017-10-07,SV [AQ],30.96,0.1,0.01,0.11,1.3,8.16,10.19,94.99,978.05
2017-10-08,SV [AQ],31.61,0.11,0.01,0.12,1.36,5.71,10.4,92.81,983.99
2017-10-09,SV [AQ],31.72,0.12,0.01,0.13,1.47,6.27,10.7,82.96,977.8
2017-10-10,SV [AQ],36.05,0.1,0.01,0.11,1.16,6.51,9.27,81.09,966.86
2017-10-11,SV [AQ],34.79,0.08,0.01,0.09,1.71,14.17,9.65,81.44,962.38
2017-10-12,SV [AQ],34.82,0.26,0.01,0.27,1.93,15.17,9.4,80.95,972.19
2017-10-13,SV [AQ],34.32,0.24,0.01,0.24,2.55,23.74,13.08,74.98,970.48
2017-10-14,SV [AQ],34.22,0.1,0.01,0.11,2.71,26.32,9.88,72.85,979.16
2017-10-15,SV [AQ],35.04,0.32,0.01,0.34,3.61,10.68,10.78,88.62,974.35
2017-10-16,SV [AQ],30.79,0.53,0.01,0.57,1.74,4.41,8.08,93.43,973.61
2017-10-17,SV [AQ],32.55,0.35,0.01,0.37,1.22,7.7,8.6,91.71,972.68
2017-10-18,SV [AQ],26.16,0.37,0.01,0.4,1.71,12.49,7.09,82.47,980.52
2017-10-19,SV [AQ],28.19,1.09,0.0,1.2,5.69,9.53,10.33,86.65,968.46
2017-10-20,SV [AQ],28.05,0.98,0.01,1.03,2.88,3.48,10.38,93.67,966.13
2017-10-21,SV [AQ],31.08,1.02,0.0,1.09,2.45,8.43,9.79,86.99,959.8
2017-10-22,SV [AQ],27.92,0.32,0.01,0.35,2.11,9.03,8.08,95.77,972.64
2017-10-23,SV [AQ],31.53,0.25,0.02,0.29,2.09,12.39,8.96,84.19,974.43
2017-10-24,SV [AQ],34.72,0.2,0.01,0.21,2.57,17.76,9.79,83.42,971.43
2017-10-25,SV [AQ],31.49,0.08,0.01,0.09,2.62,27.36,9.48,79.87,975.7
2017-10-26,SV [AQ],31.79,0.11,0.01,0.12,1.41,10.2,8.08,93.0,988.51
2017-10-27,SV [AQ],31.65,0.11,0.01,0.12,1.39,6.85,8.01,80.79,996.35
2017-10-28,SV [AQ],37.01,0.08,0.01,0.09,2.69,24.66,10.23,82.7,983.05
2017-10-29,SV [AQ],32.7,0.09,0.01,0.09,1.92,24.29,4.16,78.74,994.68
2017-10-30,SV [AQ],27.27,0.35,0.02,0.36,2.35,12.71,3.27,90.77,992.46
2017-10-31,SV [AQ],34.28,0.15,0.01,0.16,1.23,4.23,12.25,88.51,980.47
2017-11-01,SV [AQ],30.76,0.09,0.01,0.09,1.41,10.3,9.53,85.71,977.29
2017-11-02,SV [AQ],28.05,0.16,0.01,0.17,2.07,22.89,4.54,83.28,982.82
2017-11-03,SV [AQ],34.02,0.12,0.01,0.12,1.29,6.57,7.17,87.12,972.02
2017-11-04,SV [AQ],33.68,0.09,0.01,0.1,2.14,18.85,3.97,88.02,966.29
2017-11-05,SV [AQ],33.15,0.11,0.01,0.11,1.3,12.94,1.9,84.76,981.43
2017-11-06,SV [AQ],33.14,0.46,0.01,0.48,1.43,6.52,5.63,89.36,977.69
2017-11-07,SV [AQ],34.77,0.13,0.01,0.13,2.3,19.89,3.7,86.33,978.4
2017-11-08,SV [AQ],37.49,0.11,0.01,0.12,1.7,13.9,7.42,86.0,980.64
2017-11-09,SV [AQ],41.95,0.07,0.01,0.07,2.06,23.17,6.07,84.37,979.86
2017-11-10,SV [AQ],42.83,0.06,0.01,0.07,2.25,27.92,3.17,84.94,977.7
2017-11-11,SV [AQ],37.27,0.1,0.01,0.1,1.76,15.49,2.3,89.4,976.67
2017-11-12,SV [AQ],38.62,0.07,0.01,0.08,2.04,26.11,1.2,90.2,984.79
2017-11-13,SV [AQ],34.73,0.2,0.01,0.21,1.13,8.66,3.39,92.75,985.1
2017-11-14,SV [AQ],39.58,0.11,0.01,0.11,2.22,21.98,5.84,88.46,982.9
2017-11-15,SV [AQ],34.82,0.34,0.01,0.35,2.69,15.27,4.85,89.86,984.68
2017-11-16,SV [AQ],39.19,0.11,0.01,0.12,1.74,17.49,4.33,83.69,980.79
2017-11-17,SV [AQ],42.81,0.06,0.01,0.06,2.14,24.38,4.84,84.74,984.04
2017-11-18,SV [AQ],34.13,0.08,0.01,0.09,1.94,21.86,2.9,82.66,984.4
2017-11-19,SV [AQ],27.87,0.21,0.01,0.21,1.86,14.61,1.61,94.68,986.72
2017-11-20,SV [AQ],31.01,0.62,0.0,0.64,0.95,1.75,3.2,94.26,975.45
2017-11-21,SV [AQ],25.81,0.76,0.0,0.79,0.77,1.04,4.25,97.76,965.61
2017-11-22,SV [AQ],30.94,0.16,0.01,0.16,1.07,5.71,1.8,90.44,952.26
2017-11-23,SV [AQ],29.96,0.15,0.01,0.16,1.71,13.03,-0.08,92.12,955.37
2017-11-24,SV [AQ],37.65,0.09,0.01,0.09,1.86,21.35,0.16,89.75,969.86
2017-11-25,SV [AQ],40.36,0.06,0.01,0.06,2.86,46.02,1.41,89.83,975.27
2017-11-26,SV [AQ],39.77,0.1,0.01,0.1,1.73,21.03,1.74,87.89,979.53
2017-11-27,SV [AQ],37.79,0.08,0.01,0.08,2.13,23.92,1.9,90.06,971.44
2017-11-28,SV [AQ],37.14,0.08,0.01,0.09,2.14,23.02,1.98,87.77,981.3
2017-11-29,SV [AQ],43.01,0.08,0.01,0.08,1.66,19.11,0.46,84.37,985.18
2017-11-30,SV [AQ],42.69,0.09,0.01,0.09,1.64,17.87,0.63,79.17,987.45
2017-12-01,SV [AQ],39.77,0.13,0.01,0.13,1.1,6.16,2.31,93.19,993.28
2017-12-02,SV [AQ],40.5,0.09,0.0,0.1,1.72,16.74,5.65,95.66,989.45
2017-12-03,SV [AQ],40.11,0.11,0.01,0.11,2.06,22.35,5.08,87.17,992.71
2017-12-04,SV [AQ],41.38,0.08,0.0,0.09,1.36,10.25,6.58,94.98,994.79
2017-12-05,SV [AQ],44.15,0.08,0.0,0.09,1.26,9.35,8.33,86.72,988.4
2017-12-06,SV [AQ],38.82,0.26,0.0,0.27,1.43,6.38,10.1,88.16,971.89
2017-12-07,SV [AQ],39.94,0.05,0.0,0.05,1.96,24.78,2.65,84.3,960.87
2017-12-08,SV [AQ],40.11,0.05,0.0,0.05,1.63,24.08,-0.24,82.74,978.37
2017-12-09,SV [AQ],38.58,0.09,0.01,0.09,1.29,13.93,-1.35,96.54,975.24
2017-12-10,SV [AQ],30.22,0.16,0.01,0.16,1.88,20.16,-4.65,95.79,953.44
2017-12-11,SV [AQ],24.56,0.15,0.01,0.15,1.68,11.67,-0.76,94.85,961.0
2017-12-12,SV [AQ],23.97,0.27,0.01,0.28,1.94,13.63,-2.74,92.84,964.47
2017-12-13,SV [AQ],40.43,0.08,0.0,0.09,1.84,19.95,1.27,87.2,949.64
2017-12-14,SV [AQ],35.3,0.15,0.0,0.15,1.38,9.31,-0.69,93.45,949.65
2017-12-15,SV [AQ],33.22,0.12,0.0,0.13,1.78,17.57,1.2,89.28,974.05
2017-12-16,SV [AQ],30.14,0.16,0.01,0.16,1.13,5.65,-2.1,97.06,983.23
2017-12-17,SV [AQ],34.78,0.13,0.01,0.13,1.44,13.12,3.76,88.44,980.03
2017-12-18,SV [AQ],31.48,0.2,0.0,0.21,2.24,16.37,5.25,86.79,990.31
2017-12-19,SV [AQ],29.7,0.28,0.0,0.28,1.77,7.83,9.94,89.14,990.4
2017-12-20,SV [AQ],35.38,0.14,0.0,0.14,1.21,5.86,6.68,86.34,994.9
2017-12-21,SV [AQ],33.61,0.13,0.0,0.13,1.44,8.27,4.11,94.19,997.62
2017-12-22,SV [AQ],30.54,0.22,0.0,0.22,2.11,6.62,5.39,93.21,995.79
2017-12-23,SV [AQ],36.75,0.08,0.01,0.08,3.04,27.25,11.05,79.79,983.83
2017-12-24,SV [AQ],32.63,0.14,0.01,0.15,0.71,1.9,6.47,94.26,972.71
2017-12-25,SV [AQ],28.77,0.18,0.01,0.19,1.3,5.91,1.3,97.65,963.9
2017-12-26,SV [AQ],28.95,0.11,0.01,0.11,1.46,12.47,-0.22,97.66,957.88
2017-12-27,SV [AQ],33.14,0.06,0.0,0.07,1.9,25.42,-0.76,96.7,962.76
2017-12-28,SV [AQ],33.78,0.1,0.01,0.1,2.02,20.47,-2.45,96.2,966.18
2017-12-29,SV [AQ],30.06,0.6,0.01,0.61,2.91,13.59,-2.72,86.7,957.81
2017-12-30,SV [AQ],30.29,0.48,0.01,0.49,2.32,10.33,0.18,91.05,952.62
2017-12-31,SV [AQ],32.81,0.26,0.0,0.27,1.15,5.6,1.4,94.02,946.0
2018-01-01,SV [AQ],25.77,0.19,0.01,0.2,1.11,4.35,-1.44,96.32,957.86
2018-01-02,SV [AQ],26.82,0.42,0.01,0.43,1.39,4.61,0.89,94.77,958.15
2018-01-03,SV [AQ],30.29,0.18,0.0,0.19,1.65,8.29,-0.76,96.25,951.63
2018-01-04,SV [AQ],25.28,0.81,0.0,0.83,3.08,8.68,1.7,92.86,957.12
2018-01-05,SV [AQ],20.31,0.64,0.01,0.66,2.0,4.84,1.64,90.23,964.22
2018-01-06,SV [AQ],36.72,0.14,0.01,0.14,1.64,18.15,-0.21,77.97,989.5
2018-01-07,SV [AQ],26.41,0.29,0.02,0.3,1.44,8.23,-4.0,85.64,996.87
2018-01-08,SV [AQ],28.06,0.79,0.04,0.81,2.02,7.2,-2.25,72.68,989.83
2018-01-09,SV [AQ],23.08,1.07,0.04,1.1,9.78,20.12,2.63,83.46,971.37
2018-01-10,SV [AQ],14.89,2.19,0.01,2.32,7.65,10.78,1.46,89.78,972.09
2018-01-11,SV [AQ],21.88,0.27,0.02,0.28,1.55,5.5,-3.11,93.51,988.52
2018-01-12,SV [AQ],17.56,1.29,0.04,1.33,4.57,7.44,1.87,84.94,986.82
2018-01-13,SV [AQ],17.76,2.5,0.03,2.62,9.44,13.49,3.16,83.61,980.6
2018-01-14,SV [AQ],30.01,1.07,0.0,1.09,2.51,5.51,5.15,80.99,967.68
2018-01-15,SV [AQ],41.31,0.07,0.0,0.07,2.17,26.72,1.91,87.16,949.9
2018-01-16,SV [AQ],44.13,0.06,0.0,0.06,1.95,25.73,-1.12,86.71,945.01
2018-01-17,SV [AQ],37.55,0.07,0.01,0.07,1.66,19.4,-0.45,89.68,956.41
2018-01-18,SV [AQ],39.29,0.1,0.01,0.11,1.64,17.94,-0.84,92.44,960.43
2018-01-19,SV [AQ],36.98,0.09,0.0,0.1,1.12,9.09,-1.27,89.64,963.17
2018-01-20,SV [AQ],29.51,0.14,0.01,0.15,0.88,3.79,-5.97,93.73,969.2
2018-01-21,SV [AQ],30.68,0.5,0.02,0.53,0.94,3.2,-2.43,89.91,969.23
2018-01-22,SV [AQ],39.98,0.08,0.0,0.08,2.33,29.41,4.65,83.54,967.04
2018-01-23,SV [AQ],36.46,0.15,0.0,0.16,1.31,8.49,6.0,84.65,962.35
2018-01-24,SV [AQ],36.85,0.11,0.0,0.11,1.14,7.77,3.24,89.08,949.02
2018-01-25,SV [AQ],27.93,0.19,0.01,0.2,1.61,9.45,1.25,95.27,965.94
2018-01-26,SV [AQ],26.75,0.28,0.01,0.29,1.62,9.06,1.39,92.69,983.94
2018-01-27,SV [AQ],34.75,0.28,0.0,0.28,1.86,20.76,5.16,81.54,972.3
2018-01-28,SV [AQ],38.07,0.08,0.0,0.09,1.54,17.97,4.86,88.52,978.53
2018-01-29,SV [AQ],39.14,0.06,0.0,0.07,1.88,25.89,2.47,87.47,983.55
2018-01-30,SV [AQ],41.44,0.07,0.0,0.07,0.88,6.26,4.61,85.64,976.31
2018-01-31,SV [AQ],35.1,0.08,0.01,0.08,1.79,17.77,1.27,87.96,956.97
2018-02-01,SV [AQ],29.24,0.09,0.01,0.09,2.59,32.43,2.57,85.0,971.23
2018-02-02,SV [AQ],24.63,0.23,0.01,0.25,2.98,23.82,1.87,90.71,978.8
2018-02-03,SV [AQ],34.69,0.13,0.01,0.13,2.19,22.27,2.26,94.57,976.52
2018-02-04,SV [AQ],29.67,0.19,0.01,0.2,2.23,20.75,0.86,90.16,996.75
2018-02-05,SV [AQ],25.34,0.49,0.01,0.52,2.99,8.71,1.5,80.85,990.73
2018-02-06,SV [AQ],44.94,0.11,0.02,0.12,1.84,21.34,-0.73,92.24,986.15
2018-02-07,SV [AQ],44.96,0.12,0.01,0.13,1.2,8.8,-0.53,91.06,980.9
2018-02-08,SV [AQ],41.55,0.15,0.01,0.16,1.86,14.81,3.02,86.97,969.36
2018-02-09,SV [AQ],43.76,0.1,0.01,0.1,1.83,18.78,0.53,83.43,972.21
2018-02-10,SV [AQ],42.5,0.14,0.01,0.15,1.93,21.1,1.99,86.87,961.5
2018-02-11,SV [AQ],45.24,0.08,0.01,0.08,1.68,19.29,-1.63,91.87,964.39
2018-02-12,SV [AQ],43.38,0.15,0.01,0.16,2.07,20.71,-0.37,88.89,966.81
2018-02-13,SV [AQ],41.99,0.15,0.01,0.16,1.64,15.35,0.43,87.22,960.09
2018-02-14,SV [AQ],43.0,0.3,0.01,0.33,2.22,17.85,1.62,83.08,953.85
2018-02-15,SV [AQ],46.34,0.07,0.01,0.07,2.74,34.5,2.0,84.63,959.65
2018-02-16,SV [AQ],43.21,0.25,0.0,0.26,2.0,17.15,2.32,82.22,977.65
2018-02-17,SV [AQ],37.1,0.15,0.0,0.15,1.54,11.15,2.31,87.02,980.14
2018-02-18,SV [AQ],29.51,0.58,0.0,0.63,2.38,7.92,1.82,92.52,982.5
2018-02-19,SV [AQ],33.39,0.22,0.0,0.24,2.38,16.92,4.9,94.56,982.45
2018-02-20,SV [AQ],39.42,0.12,0.01,0.13,3.21,41.64,3.12,90.46,992.5
2018-02-21,SV [AQ],29.49,0.27,0.03,0.28,2.73,22.16,-0.58,87.65,995.03
2018-02-22,SV [AQ],28.34,1.35,0.01,1.43,7.36,21.79,2.13,80.82,987.79
2018-02-23,SV [AQ],27.91,1.6,0.04,1.72,13.2,19.54,1.4,76.86,985.77
2018-02-24,SV [AQ],29.6,0.85,0.03,0.91,8.15,13.33,-0.35,72.63,990.69
2018-02-25,SV [AQ],26.2,0.58,0.04,0.63,5.65,12.12,-2.13,78.31,997.08
2018-02-26,SV [AQ],33.38,0.43,0.02,0.47,3.22,6.5,-1.58,79.42,1003.75
2018-02-27,SV [AQ],39.27,0.32,0.01,0.34,1.95,6.2,-1.85,81.09,1000.59
2018-02-28,SV [AQ],40.76,0.34,0.01,0.37,1.29,5.16,-5.48,85.39,998.07
2018-03-01,SV [AQ],42.4,0.27,0.01,0.29,1.91,11.93,-4.16,80.36,988.32
2018-03-02,SV [AQ],42.41,0.37,0.01,0.4,2.17,13.56,-1.85,85.59,977.14
2018-03-03,SV [AQ],39.63,0.43,0.0,0.48,3.72,15.47,-0.58,84.1,969.69
2018-03-04,SV [AQ],39.27,0.55,0.0,0.59,10.37,22.07,-0.49,86.82,963.09
2018-03-05,SV [AQ],37.4,0.78,0.0,0.86,13.99,25.0,1.05,93.51,958.89
2018-03-06,SV [AQ],35.59,0.67,0.0,0.74,3.82,15.36,0.54,93.01,958.62
2018-03-07,SV [AQ],29.11,0.81,0.0,0.9,6.1,8.48,1.36,91.31,955.7
2018-03-08,SV [AQ],29.4,0.64,0.01,0.68,5.37,8.77,1.8,83.3,957.04
2018-03-09,SV [AQ],33.23,0.16,0.01,0.18,2.3,14.85,0.38,80.93,963.48
2018-03-10,SV [AQ],37.44,0.47,0.01,0.53,3.32,11.92,0.37,89.48,963.36
2018-03-11,SV [AQ],29.8,0.84,0.0,0.94,1.48,6.54,2.7,92.81,961.0
2018-03-12,SV [AQ],31.39,0.51,0.0,0.56,2.27,6.9,3.01,90.35,963.73
2018-03-13,SV [AQ],30.04,0.51,0.01,0.56,3.29,7.11,3.03,88.74,971.32
2018-03-14,SV [AQ],35.68,1.35,0.01,1.48,8.81,15.48,4.52,78.24,964.9
2018-03-15,SV [AQ],38.59,1.0,0.0,1.1,14.7,32.84,4.08,80.07,961.65
2018-03-16,SV [AQ],40.61,0.56,0.0,0.61,9.8,30.8,2.61,76.93,974.03
2018-03-17,SV [AQ],49.4,0.31,0.0,0.33,3.07,17.98,-0.7,67.32,989.14
2018-03-18,SV [AQ],46.69,0.36,0.0,0.39,2.01,13.02,-0.46,72.93,993.36
2018-03-19,SV [AQ],45.23,0.2,0.02,0.22,1.33,4.27,0.2,71.56,995.54
2018-03-20,SV [AQ],42.97,0.14,0.01,0.16,1.42,4.69,0.96,75.4,997.52
2018-03-21,SV [AQ],44.91,0.12,0.0,0.13,2.59,14.7,5.87,86.4,987.07
2018-03-22,SV [AQ],46.09,0.29,0.0,0.32,3.13,12.95,5.98,83.64,974.38
2018-03-23,SV [AQ],42.75,0.29,0.01,0.32,1.15,6.15,3.54,91.44,956.33
2018-03-24,SV [AQ],41.23,0.08,0.01,0.09,1.84,14.23,3.32,84.15,967.75
2018-03-25,SV [AQ],37.27,0.12,0.02,0.13,2.28,14.2,3.32,87.97,976.72
2018-03-26,SV [AQ],34.9,0.16,0.02,0.18,1.89,7.5,3.47,78.97,979.83
2018-03-27,SV [AQ],38.91,0.52,0.01,0.59,2.55,7.83,4.12,89.1,966.04
2018-03-28,SV [AQ],38.13,0.1,0.01,0.11,2.14,21.13,2.09,83.24,966.98
2018-03-29,SV [AQ],35.59,0.34,0.01,0.37,3.75,15.02,0.63,83.14,969.84
2018-03-30,SV [AQ],39.77,0.45,0.0,0.5,7.25,17.9,1.89,86.36,972.93
2018-03-31,SV [AQ],41.21,0.19,0.0,0.21,4.41,9.95,0.83,79.99,978.3
2018-04-01,SV [AQ],37.03,0.15,0.01,0.16,2.08,5.13,-0.87,87.27,981.16
2018-04-02,SV [AQ],41.56,0.2,0.01,0.21,1.9,8.76,0.87,79.51,971.92
2018-04-03,SV [AQ],44.63,0.24,0.0,0.27,1.83,5.14,0.92,89.25,961.28
2018-04-04,SV [AQ],41.46,0.17,0.01,0.19,2.17,9.68,0.92,79.05,967.05
2018-04-05,SV [AQ],37.0,0.1,0.02,0.11,1.22,5.93,2.3,75.41,977.65
2018-04-06,SV [AQ],39.02,1.03,0.03,1.17,6.01,8.91,4.46,83.03,972.31
2018-04-07,SV [AQ],35.79,0.38,0.0,0.42,2.62,7.4,7.15,86.97,970.93
2018-04-08,SV [AQ],35.09,0.24,0.0,0.27,2.17,3.54,5.92,89.62,975.27
2018-04-09,SV [AQ],39.42,0.25,0.0,0.27,2.71,4.5,6.44,82.47,975.24
2018-04-10,SV [AQ],40.09,0.37,0.0,0.42,3.68,6.8,4.51,90.77,982.04
2018-04-11,SV [AQ],39.75,0.53,0.03,0.61,8.68,25.38,6.15,88.4,982.51
2018-04-12,SV [AQ],40.41,0.49,0.03,0.55,8.2,22.91,7.35,77.63,979.88
2018-04-13,SV [AQ],37.77,0.55,0.01,0.64,8.76,30.55,5.49,90.3,976.99
2018-04-14,SV [AQ],33.68,0.56,0.01,0.63,9.72,15.26,8.44,75.7,980.1
2018-04-15,SV [AQ],36.07,0.5,0.02,0.56,9.49,12.94,8.25,75.36,975.08
2018-04-16,SV [AQ],41.65,0.52,0.01,0.58,4.45,13.54,9.75,70.48,970.5
2018-04-17,SV [AQ],45.7,0.33,0.0,0.36,1.92,9.65,11.2,69.49,970.55
2018-04-18,SV [AQ],42.83,0.34,0.02,0.38,5.68,30.32,12.62,67.52,983.34
2018-04-19,SV [AQ],41.81,0.27,0.02,0.3,4.48,13.94,11.79,71.14,987.04
2018-04-20,SV [AQ],35.54,0.13,0.01,0.15,2.88,14.35,8.42,79.96,987.97
2018-04-21,SV [AQ],38.15,0.23,0.01,0.25,3.26,13.03,8.77,72.36,983.42
2018-04-22,SV [AQ],34.82,0.37,0.02,0.42,4.94,8.1,6.67,84.96,968.77
2018-04-23,SV [AQ],39.08,0.08,0.01,0.09,1.24,4.27,6.93,87.84,969.34
2018-04-24,SV [AQ],42.08,0.07,0.01,0.08,2.35,15.17,6.12,84.78,970.47
2018-04-25,SV [AQ],33.53,0.07,0.01,0.09,2.09,11.98,5.52,84.89,968.23
2018-04-26,SV [AQ],31.84,0.09,0.02,0.1,1.25,4.89,5.33,88.86,970.83
2018-04-27,SV [AQ],35.78,0.09,0.02,0.11,1.9,10.79,5.17,83.32,976.69
2018-04-28,SV [AQ],32.7,0.13,0.01,0.15,1.93,8.59,3.88,81.72,982.87
2018-04-29,SV [AQ],34.1,0.15,0.01,0.17,2.22,10.42,3.77,76.84,985.98
2018-04-30,SV [AQ],34.53,0.18,0.01,0.21,2.39,9.4,4.2,73.23,980.53
2018-05-01,SV [AQ],38.1,0.3,0.02,0.34,1.42,2.84,4.86,81.16,964.75
2018-05-02,SV [AQ],45.94,0.09,0.02,0.1,1.86,11.49,5.12,80.63,965.77
2018-05-03,SV [AQ],43.55,0.09,0.01,0.1,2.42,17.14,7.13,86.31,976.41
2018-05-04,SV [AQ],36.52,0.09,0.0,0.11,3.46,18.53,10.52,87.04,982.74
2018-05-05,SV [AQ],41.47,0.12,0.0,0.14,2.98,11.23,11.43,80.57,986.02
2018-05-06,SV [AQ],38.62,0.13,0.01,0.15,3.16,10.17,9.91,88.27,986.87
2018-05-07,SV [AQ],35.67,0.22,0.01,0.26,3.85,6.87,8.7,91.61,983.29
2018-05-08,SV [AQ],34.1,0.28,0.01,0.33,5.81,16.87,10.03,80.9,972.8
2018-05-09,SV [AQ],41.78,0.14,0.01,0.17,3.03,23.64,8.77,71.52,968.01
2018-05-10,SV [AQ],38.21,0.07,0.03,0.08,3.51,35.73,6.75,75.02,975.82
2018-05-11,SV [AQ],44.07,0.49,0.02,0.56,3.52,19.29,8.67,67.35,976.86
2018-05-12,SV [AQ],38.08,0.22,0.02,0.24,2.32,8.59,9.8,65.3,980.03
2018-05-13,SV [AQ],36.86,0.33,0.02,0.38,2.95,8.1,8.93,79.96,981.63
2018-05-14,SV [AQ],35.87,0.19,0.01,0.21,2.43,7.21,11.64,68.77,988.22
2018-05-15,SV [AQ],35.47,0.13,0.01,0.16,1.94,6.68,10.65,74.97,989.72
2018-05-16,SV [AQ],35.66,0.11,0.03,0.13,2.21,12.79,7.74,69.34,999.13
2018-05-17,SV [AQ],37.4,0.23,0.05,0.25,2.1,9.92,8.66,65.8,996.26
2018-05-18,SV [AQ],38.9,0.29,0.03,0.32,4.47,9.81,9.78,71.95,990.97
2018-05-19,SV [AQ],42.18,0.26,0.03,0.29,5.9,12.27,14.78,60.29,985.49
2018-05-20,SV [AQ],42.06,0.33,0.01,0.37,3.88,7.93,14.23,73.64,982.01
2018-05-21,SV [AQ],38.96,0.22,0.0,0.25,0.72,0.8,7.4,96.83,987.94
2018-05-22,SV [AQ],40.98,0.12,0.01,0.14,1.68,6.53,7.3,82.96,994.18
2018-05-23,SV [AQ],37.23,0.25,0.02,0.29,2.92,8.05,11.4,74.55,994.58
2018-05-24,SV [AQ],38.26,0.44,0.03,0.5,4.44,7.26,13.19,71.2,992.54
2018-05-25,SV [AQ],44.13,0.2,0.03,0.23,7.73,11.28,12.94,78.49,996.54
2018-05-26,SV [AQ],47.07,0.25,0.03,0.28,6.28,10.88,13.55,71.03,998.68
2018-05-27,SV [AQ],44.76,0.26,0.03,0.29,5.21,8.49,14.84,64.52,992.25
2018-05-28,SV [AQ],42.41,0.33,0.03,0.37,5.6,7.12,16.67,64.55,991.0
2018-05-29,SV [AQ],46.05,0.37,0.02,0.41,6.5,8.02,16.43,70.53,991.76
2018-05-30,SV [AQ],47.86,0.2,0.01,0.22,7.0,9.17,16.35,72.31,986.75
2018-05-31,SV [AQ],50.09,0.35,0.02,0.39,12.33,17.27,17.4,78.82,984.08
2018-06-01,SV [AQ],40.87,0.32,0.02,0.35,8.33,10.52,16.66,84.78,985.35
2018-06-02,SV [AQ],42.83,0.23,0.0,0.25,5.9,7.39,16.47,90.57,986.45
2018-06-03,SV [AQ],38.6,0.39,0.0,0.43,7.76,10.73,14.88,89.08,988.5
2018-06-04,SV [AQ],36.95,0.28,0.0,0.32,4.74,7.04,13.15,86.29,988.99
2018-06-05,SV [AQ],36.7,0.12,0.03,0.15,2.93,11.45,11.8,67.28,989.43
2018-06-06,SV [AQ],34.08,0.3,0.04,0.35,3.01,12.04,12.8,67.22,986.88
2018-06-07,SV [AQ],34.75,0.34,0.03,0.39,3.39,9.0,13.76,67.99,987.65
2018-06-08,SV [AQ],34.55,0.18,0.01,0.21,2.19,3.95,13.35,73.31,987.18
2018-06-09,SV [AQ],33.29,0.33,0.01,0.38,4.26,7.0,12.75,84.69,985.04
2018-06-10,SV [AQ],33.73,0.24,0.0,0.28,4.56,6.95,11.87,87.0,984.05
2018-06-11,SV [AQ],32.76,0.2,0.01,0.23,3.89,6.03,12.73,74.41,985.53
2018-06-12,SV [AQ],31.27,0.13,0.02,0.15,2.67,4.76,9.43,83.0,987.55
2018-06-13,SV [AQ],31.91,0.2,0.01,0.23,1.61,2.52,10.44,85.26,974.76
2018-06-14,SV [AQ],28.81,0.11,0.03,0.12,2.17,9.84,11.03,81.5,961.2
2018-06-15,SV [AQ],28.24,0.06,0.02,0.07,2.77,11.44,10.13,79.02,975.9
2018-06-16,SV [AQ],27.05,0.23,0.01,0.3,1.68,3.57,9.89,88.81,974.76
2018-06-17,SV [AQ],27.42,0.12,0.01,0.14,2.43,7.01,11.1,81.06,974.11
2018-06-18,SV [AQ],29.24,0.05,0.03,0.06,4.32,27.6,10.35,68.95,974.83
2018-06-19,SV [AQ],26.37,0.06,0.03,0.08,4.73,22.56,9.8,72.05,981.81
2018-06-20,SV [AQ],27.06,0.09,0.02,0.1,3.16,9.36,8.37,84.25,982.72
2018-06-21,SV [AQ],28.42,0.08,0.07,0.1,3.52,10.9,9.03,79.83,994.16
2018-06-22,SV [AQ],29.44,0.08,0.04,0.1,3.01,6.59,10.16,76.44,997.74
2018-06-23,SV [AQ],27.95,0.08,0.02,0.09,3.1,7.43,10.9,81.94,994.04
2018-06-24,SV [AQ],30.18,0.11,0.01,0.12,2.31,3.89,12.34,74.65,992.23
2018-06-25,SV [AQ],30.18,0.15,0.03,0.18,2.61,4.29,12.2,74.52,994.18
2018-06-26,SV [AQ],31.67,0.25,0.02,0.27,3.32,5.43,13.84,77.89,995.28
2018-06-27,SV [AQ],34.96,0.35,0.05,0.39,4.56,6.07,18.1,67.38,995.52
2018-06-28,SV [AQ],38.31,0.29,0.04,0.31,6.16,7.88,19.1,68.26,996.05
2018-06-29,SV [AQ],32.72,0.54,0.03,0.61,6.79,9.37,14.38,86.44,993.89
2018-06-30,SV [AQ],31.23,0.43,0.01,0.49,4.24,7.41,17.28,76.13,987.26
2018-07-01,SV [AQ],34.49,0.25,0.02,0.29,3.48,5.74,14.94,81.7,986.83
2018-07-02,SV [AQ],33.81,0.11,0.01,0.13,1.77,3.23,13.45,72.84,991.97
2018-07-03,SV [AQ],28.48,0.29,0.03,0.32,2.34,3.82,16.41,71.42,989.59
2018-07-04,SV [AQ],31.74,0.34,0.02,0.37,2.89,4.11,17.14,73.42,982.85
2018-07-05,SV [AQ],29.4,0.12,0.02,0.15,2.72,5.66,12.02,71.75,985.38
2018-07-06,SV [AQ],23.66,0.12,0.01,0.14,1.75,5.48,12.05,70.5,989.1
2018-07-07,SV [AQ],23.57,0.13,0.01,0.15,1.32,2.13,14.84,74.26,991.71
2018-07-08,SV [AQ],23.14,0.1,0.0,0.12,2.52,5.05,14.01,86.52,994.35
2018-07-09,SV [AQ],21.45,0.1,0.01,0.12,1.92,6.15,12.48,75.03,997.4
2018-07-10,SV [AQ],23.19,0.13,0.0,0.16,2.58,7.09,12.7,96.14,994.7
2018-07-11,SV [AQ],22.05,0.21,0.0,0.25,1.09,1.81,12.38,96.65,992.81
2018-07-12,SV [AQ],24.74,0.18,0.01,0.2,1.75,2.8,13.5,86.22,991.86
2018-07-13,SV [AQ],24.77,0.18,0.01,0.21,1.39,2.18,15.19,74.34,988.85
2018-07-14,SV [AQ],24.97,0.13,0.01,0.16,1.26,2.09,16.09,76.3,982.64
2018-07-15,SV [AQ],23.86,0.22,0.0,0.27,0.76,1.0,17.41,86.8,979.02
2018-07-16,SV [AQ],24.19,0.14,0.02,0.16,2.17,9.43,14.43,72.47,979.05
2018-07-17,SV [AQ],25.81,0.1,0.02,0.12,2.41,8.69,12.79,79.37,980.65
2018-07-18,SV [AQ],21.7,0.11,0.01,0.13,1.63,4.36,11.93,82.23,985.25
2018-07-19,SV [AQ],25.58,0.11,0.01,0.13,1.25,2.72,13.14,72.43,984.96
2018-07-20,SV [AQ],23.21,0.12,0.0,0.15,0.99,1.37,13.32,92.66,980.06
2018-07-21,SV [AQ],22.01,0.12,0.0,0.14,1.59,2.75,13.45,85.49,980.66
2018-07-22,SV [AQ],18.64,0.11,0.0,0.14,3.65,8.73,16.88,84.5,978.99
2018-07-23,SV [AQ],20.44,0.1,0.01,0.13,1.77,2.39,15.79,76.22,978.9
2018-07-24,SV [AQ],25.3,0.09,0.01,0.1,1.93,4.23,13.45,71.88,980.34
2018-07-25,SV [AQ],28.53,0.13,0.04,0.16,1.97,4.49,14.15,71.85,983.17
2018-07-26,SV [AQ],33.63,0.39,0.02,0.44,3.43,6.92,19.01,54.98,979.35
2018-07-27,SV [AQ],34.31,0.42,0.01,0.47,3.93,6.17,18.58,67.41,975.13
2018-07-28,SV [AQ],39.45,0.33,0.01,0.38,2.19,2.8,15.1,84.34,963.65
2018-07-29,SV [AQ],24.87,0.13,0.02,0.16,1.38,3.96,12.27,76.46,962.87
2018-07-30,SV [AQ],23.45,0.13,0.01,0.16,1.43,3.55,12.3,77.01,971.84
2018-07-31,SV [AQ],26.19,0.23,0.01,0.27,1.67,4.35,12.1,80.95,974.61
2018-08-01,SV [AQ],30.38,0.17,0.0,0.19,2.88,15.25,13.8,82.83,980.27
2018-08-02,SV [AQ],23.24,0.24,0.0,0.27,1.34,2.35,16.41,81.37,984.76
2018-08-03,SV [AQ],22.6,0.1,0.0,0.12,1.26,2.05,14.8,91.4,987.96
2018-08-04,SV [AQ],25.92,0.06,0.0,0.08,1.5,4.35,12.47,87.94,990.01
2018-08-05,SV [AQ],25.34,0.09,0.0,0.11,1.82,4.95,13.1,84.22,986.6
2018-08-06,SV [AQ],23.48,0.1,0.01,0.12,1.74,7.88,14.28,80.46,977.56
2018-08-07,SV [AQ],25.06,0.09,0.02,0.11,2.22,11.86,12.67,72.44,973.34
2018-08-08,SV [AQ],21.72,0.1,0.02,0.12,1.75,7.89,11.72,77.11,972.64
2018-08-09,SV [AQ],23.32,0.08,0.02,0.09,1.77,8.45,10.4,82.78,977.42
2018-08-10,SV [AQ],21.45,0.12,0.01,0.14,1.35,3.1,10.35,87.24,981.98
2018-08-11,SV [AQ],26.6,0.14,0.01,0.15,1.48,3.8,11.92,72.53,984.4
2018-08-12,SV [AQ],32.52,0.34,0.0,0.39,2.7,5.26,12.32,85.73,977.79
2018-08-13,SV [AQ],27.97,0.29,0.0,0.33,1.54,3.11,13.12,92.73,976.88
2018-08-14,SV [AQ],19.72,0.1,0.0,0.13,1.88,5.68,14.23,82.54,976.28
2018-08-15,SV [AQ],27.76,0.08,0.01,0.09,1.83,6.86,13.05,80.92,972.08
2018-08-16,SV [AQ],24.85,0.07,0.01,0.08,2.07,12.43,11.34,84.37,971.4
2018-08-17,SV [AQ],26.11,0.07,0.01,0.09,1.88,10.93,12.13,83.24,973.95
2018-08-18,SV [AQ],28.76,0.06,0.01,0.07,3.27,26.74,12.41,72.54,976.68
2018-08-19,SV [AQ],22.7,0.11,0.01,0.14,2.3,12.1,11.66,79.68,983.62
2018-08-20,SV [AQ],24.61,0.12,0.01,0.13,1.53,4.25,11.23,84.21,987.16
2018-08-21,SV [AQ],22.87,0.25,0.01,0.29,1.55,2.73,13.15,87.2,980.92
2018-08-22,SV [AQ],25.05,0.08,0.01,0.1,1.07,3.61,11.89,83.6,978.22
2018-08-23,SV [AQ],29.14,0.07,0.02,0.08,1.94,10.24,10.13,83.3,973.62
2018-08-24,SV [AQ],27.52,0.08,0.02,0.1,1.25,4.75,9.36,87.67,974.04
2018-08-25,SV [AQ],28.46,0.09,0.02,0.1,1.73,9.36,8.9,83.31,980.47
2018-08-26,SV [AQ],28.58,0.26,0.01,0.31,0.96,1.8,8.66,95.11,968.6
2018-08-27,SV [AQ],28.44,0.14,0.01,0.16,1.24,3.6,11.11,87.34,972.75
2018-08-28,SV [AQ],32.91,0.15,0.01,0.18,1.89,7.95,11.75,83.5,977.37
2018-08-29,SV [AQ],29.49,0.07,0.02,0.08,2.88,22.71,10.18,80.7,981.26
2018-08-30,SV [AQ],30.76,0.09,0.01,0.1,2.03,11.19,9.83,80.74,990.55
2018-08-31,SV [AQ],28.73,0.35,0.03,0.41,2.42,7.26,11.52,73.37,987.65
2018-09-01,SV [AQ],27.55,0.29,0.0,0.32,2.16,4.44,14.21,83.95,986.78
2018-09-02,SV [AQ],26.48,0.29,0.0,0.33,2.37,5.37,14.73,84.95,985.26
2018-09-03,SV [AQ],30.78,0.1,0.02,0.11,2.28,17.65,8.99,81.07,992.77
2018-09-04,SV [AQ],25.87,0.18,0.02,0.2,2.29,12.1,10.22,77.76,992.11
2018-09-05,SV [AQ],34.2,0.11,0.01,0.12,1.78,8.29,9.92,89.66,988.09
2018-09-06,SV [AQ],30.98,0.11,0.01,0.13,1.35,6.18,8.42,87.25,983.85
2018-09-07,SV [AQ],30.65,0.15,0.0,0.17,1.78,7.9,10.5,92.59,980.59
2018-09-08,SV [AQ],31.05,0.16,0.01,0.17,1.43,3.67,11.0,84.44,978.0
2018-09-09,SV [AQ],29.1,0.14,0.01,0.16,1.28,4.66,10.46,88.19,972.28
2018-09-10,SV [AQ],32.95,0.1,0.01,0.1,1.22,8.18,10.86,85.56,973.4
2018-09-11,SV [AQ],31.23,0.06,0.01,0.07,1.81,15.72,10.32,80.9,973.1
2018-09-12,SV [AQ],31.69,0.06,0.01,0.07,2.03,18.0,9.3,79.77,981.45
2018-09-13,SV [AQ],38.03,0.06,0.01,0.06,2.4,20.86,9.11,81.66,978.56
2018-09-14,SV [AQ],31.01,0.08,0.01,0.09,1.09,6.65,8.45,83.7,977.56
2018-09-15,SV [AQ],29.45,0.16,0.01,0.17,0.99,3.37,8.24,89.41,981.93
2018-09-16,SV [AQ],34.04,0.21,0.01,0.22,1.33,8.59,10.37,82.86,971.86
2018-09-17,SV [AQ],31.93,0.29,0.01,0.32,1.32,5.08,11.38,92.76,969.88
2018-09-18,SV [AQ],31.66,0.35,0.0,0.38,0.64,1.07,12.47,87.55,961.82
2018-09-19,SV [AQ],35.19,0.13,0.01,0.14,0.99,4.06,8.54,81.98,957.46
2018-09-20,SV [AQ],35.27,0.08,0.01,0.08,1.97,15.04,8.25,78.96,965.1
2018-09-21,SV [AQ],31.66,0.09,0.01,0.11,1.48,10.44,6.78,86.45,966.59
2018-09-22,SV [AQ],33.1,0.09,0.02,0.1,1.95,18.12,6.93,86.47,978.74
2018-09-23,SV [AQ],34.49,0.12,0.01,0.13,1.83,12.68,5.99,90.66,989.35
2018-09-24,SV [AQ],33.6,0.08,0.01,0.09,1.35,8.11,8.2,81.86,999.52
2018-09-25,SV [AQ],37.05,0.27,0.01,0.3,1.94,7.51,11.06,77.66,989.4
2018-09-26,SV [AQ],28.75,0.08,0.01,0.09,1.56,9.37,13.12,91.18,985.49
2018-09-27,SV [AQ],35.97,0.08,0.01,0.09,1.77,14.02,8.7,89.58,988.8
2018-09-28,SV [AQ],34.08,0.08,0.01,0.09,1.85,16.54,7.41,83.25,997.27
2018-09-29,SV [AQ],39.75,0.06,0.01,0.07,2.12,19.04,8.69,79.9,984.05
2018-09-30,SV [AQ],37.57,0.06,0.01,0.07,2.34,25.59,6.13,86.53,983.13
2018-10-01,SV [AQ],36.74,0.09,0.01,0.1,1.27,10.48,6.74,89.42,985.64
2018-10-02,SV [AQ],40.85,0.06,0.01,0.07,2.17,26.16,7.45,77.44,981.8
2018-10-03,SV [AQ],34.28,0.12,0.01,0.14,2.03,14.19,9.54,86.09,985.06
2018-10-04,SV [AQ],38.32,0.09,0.01,0.1,1.51,11.09,9.53,83.92,979.91
2018-10-05,SV [AQ],35.94,0.07,0.01,0.08,1.88,19.8,5.84,80.8,981.22
2018-10-06,SV [AQ],33.35,0.1,0.01,0.11,1.71,12.25,5.54,83.39,983.58
2018-10-07,SV [AQ],37.39,0.14,0.01,0.16,0.86,3.94,9.48,84.02,974.45
2018-10-08,SV [AQ],38.96,0.13,0.01,0.14,1.17,8.07,9.43,86.65,971.59
2018-10-09,SV [AQ],37.27,0.32,0.0,0.34,0.53,0.79,10.97,94.19,970.35
2018-10-10,SV [AQ],35.66,0.78,0.03,0.8,5.33,10.8,14.1,78.39,975.37
2018-10-11,SV [AQ],32.98,1.23,0.07,1.33,11.73,16.1,11.81,82.52,965.78
2018-10-12,SV [AQ],35.25,0.48,0.01,0.51,2.13,10.84,9.79,79.33,957.88
2018-10-13,SV [AQ],36.07,0.15,0.01,0.16,1.78,11.74,8.58,88.22,966.78
2018-10-14,SV [AQ],31.07,0.15,0.01,0.16,1.44,8.19,6.55,84.48,974.85
2018-10-15,SV [AQ],26.4,0.34,0.01,0.37,2.11,6.38,8.6,79.08,980.58
2018-10-16,SV [AQ],30.43,0.82,0.01,0.86,4.27,11.36,9.7,76.07,972.77
2018-10-17,SV [AQ],36.83,0.08,0.01,0.09,2.47,27.28,7.27,79.5,983.92
2018-10-18,SV [AQ],31.95,0.16,0.01,0.17,2.24,18.13,7.69,76.82,992.05
2018-10-19,SV [AQ],30.78,0.42,0.01,0.44,4.43,19.76,8.04,80.35,986.75
2018-10-20,SV [AQ],31.28,0.26,0.01,0.28,2.03,9.87,12.73,87.54,987.5
2018-10-21,SV [AQ],36.87,0.08,0.01,0.08,2.19,22.12,7.66,83.82,988.93
2018-10-22,SV [AQ],39.12,0.06,0.01,0.07,2.86,33.2,8.55,81.5,993.1
2018-10-23,SV [AQ],39.94,0.07,0.01,0.07,2.72,30.81,10.19,96.1,988.74
2018-10-24,SV [AQ],42.01,0.09,0.01,0.09,2.71,27.23,9.73,90.17,989.62
2018-10-25,SV [AQ],38.85,0.09,0.01,0.09,1.48,11.89,7.12,90.63,981.9
2018-10-26,SV [AQ],34.97,0.07,0.01,0.07,1.79,19.08,2.8,88.43,982.54
2018-10-27,SV [AQ],34.71,0.07,0.01,0.07,2.28,27.94,1.2,89.75,991.8
2018-10-28,SV [AQ],25.5,0.19,0.02,0.2,1.76,11.84,1.03,87.06,993.12
2018-10-29,SV [AQ],25.55,0.42,0.01,0.45,2.27,8.64,1.0,81.26,979.06
2018-10-30,SV [AQ],26.12,0.51,0.01,0.54,2.95,13.18,2.55,84.84,969.08
2018-10-31,SV [AQ],23.06,0.55,0.01,0.59,3.46,7.69,2.01,90.96,966.21
2018-11-01,SV [AQ],27.22,0.23,0.01,0.24,1.37,5.96,1.44,92.58,971.53
2018-11-02,SV [AQ],33.31,0.28,0.01,0.28,1.66,9.3,4.42,86.81,982.45
2018-11-03,SV [AQ],36.78,0.45,0.0,0.48,1.64,10.03,11.27,77.72,967.32
2018-11-04,SV [AQ],37.65,0.36,0.0,0.37,3.54,29.07,8.56,71.45,967.22
2018-11-05,SV [AQ],21.72,0.97,0.01,1.02,6.92,14.62,6.01,94.92,971.0
2018-11-06,SV [AQ],21.41,2.5,0.01,2.7,17.14,20.93,9.35,87.15,960.41
2018-11-07,SV [AQ],28.72,1.42,0.0,1.48,1.93,2.83,9.7,84.48,958.34
2018-11-08,SV [AQ],32.56,0.56,0.01,0.59,1.95,11.01,5.09,79.57,971.19
2018-11-09,SV [AQ],33.97,1.48,0.01,1.53,2.78,4.96,7.46,84.86,961.42
2018-11-10,SV [AQ],30.96,0.68,0.0,0.7,1.68,8.66,6.34,82.62,952.28
2018-11-11,SV [AQ],21.99,0.79,0.01,0.83,2.75,5.63,2.54,95.16,958.9
2018-11-12,SV [AQ],23.81,0.67,0.01,0.69,1.9,6.99,5.83,90.74,964.29
2018-11-13,SV [AQ],26.43,0.42,0.01,0.42,1.79,7.32,5.22,90.3,973.73
2018-11-14,SV [AQ],33.46,0.65,0.0,0.67,1.78,7.54,11.02,89.75,973.25
2018-11-15,SV [AQ],32.45,0.59,0.0,0.61,4.53,15.1,10.57,81.3,976.76
2018-11-16,SV [AQ],22.08,0.77,0.01,0.8,7.13,14.92,5.53,87.27,989.49
2018-11-17,SV [AQ],15.89,1.0,0.04,1.03,10.53,19.73,4.37,83.65,996.1
2018-11-18,SV [AQ],13.78,1.09,0.03,1.14,9.05,19.15,2.64,73.34,1000.32
2018-11-19,SV [AQ],25.44,0.64,0.01,0.68,4.91,13.3,2.29,84.21,997.87
2018-11-20,SV [AQ],34.36,0.36,0.0,0.37,2.58,17.15,3.68,88.15,993.19
2018-11-21,SV [AQ],28.88,0.62,0.01,0.65,4.97,14.44,4.47,87.25,986.08
2018-11-22,SV [AQ],23.87,0.84,0.0,0.88,7.53,12.55,4.03,90.64,989.6
2018-11-23,SV [AQ],27.98,0.74,0.0,0.76,4.78,10.1,4.66,89.22,986.85
2018-11-24,SV [AQ],23.57,0.58,0.0,0.6,5.18,8.51,3.93,89.54,985.97
2018-11-25,SV [AQ],30.3,0.64,0.0,0.66,3.86,12.02,2.46,84.32,987.46
2018-11-26,SV [AQ],28.84,0.62,0.0,0.63,2.4,8.92,1.23,80.54,986.93
2018-11-27,SV [AQ],28.03,0.82,0.0,0.84,3.73,8.55,3.17,81.82,976.57
2018-11-28,SV [AQ],29.88,1.44,0.01,1.48,1.72,4.65,7.53,83.39,954.39
2018-11-29,SV [AQ],30.93,0.31,0.01,0.32,1.91,14.96,6.3,85.95,949.87
2018-11-30,SV [AQ],37.36,0.07,0.01,0.07,2.19,24.89,5.24,80.87,952.88
2018-12-01,SV [AQ],33.22,0.19,0.01,0.2,2.08,17.72,3.2,85.52,962.81
2018-12-02,SV [AQ],24.06,0.38,0.01,0.39,2.18,4.85,1.68,97.85,955.87
2018-12-03,SV [AQ],33.06,0.13,0.01,0.14,1.27,13.5,1.21,96.23,966.24
2018-12-04,SV [AQ],24.22,0.15,0.01,0.15,1.3,9.24,0.35,93.88,982.67
2018-12-05,SV [AQ],27.44,0.4,0.0,0.4,2.25,6.57,-1.28,90.25,980.18
2018-12-06,SV [AQ],28.45,0.53,0.01,0.54,2.61,16.6,5.79,85.11,967.0
2018-12-07,SV [AQ],34.49,0.18,0.0,0.18,1.25,8.33,5.7,85.68,948.04
2018-12-08,SV [AQ],30.78,0.18,0.0,0.19,1.31,9.3,4.97,95.67,955.25
2018-12-09,SV [AQ],35.38,0.12,0.01,0.12,1.99,21.87,1.98,95.37,976.19
2018-12-10,SV [AQ],29.43,0.28,0.02,0.29,1.39,6.66,1.06,95.2,990.85
2018-12-11,SV [AQ],19.18,0.84,0.01,0.85,5.07,12.84,2.65,95.33,985.65
2018-12-12,SV [AQ],20.07,1.92,0.01,1.98,10.95,20.06,5.66,86.03,982.85
2018-12-13,SV [AQ],24.31,2.15,0.07,2.21,9.26,15.31,2.37,66.88,982.79
2018-12-14,SV [AQ],21.1,1.99,0.05,2.03,8.12,12.3,1.03,67.14,983.19
2018-12-15,SV [AQ],24.81,2.12,0.09,2.19,6.27,8.27,1.54,80.99,966.94
2018-12-16,SV [AQ],30.86,0.65,0.0,0.65,1.88,10.81,1.93,90.58,962.05
2018-12-17,SV [AQ],31.07,0.73,0.0,0.74,2.82,13.82,2.98,90.32,971.83
2018-12-18,SV [AQ],35.1,0.67,0.0,0.68,1.39,5.78,6.48,87.51,960.15
2018-12-19,SV [AQ],27.87,0.71,0.01,0.72,2.7,13.59,3.1,86.92,961.38
2018-12-20,SV [AQ],19.0,0.92,0.01,0.95,2.24,4.57,2.11,93.44,961.5
2018-12-21,SV [AQ],21.18,0.28,0.01,0.28,0.81,1.9,0.67,98.9,961.8
2018-12-22,SV [AQ],22.01,0.16,0.0,0.17,0.89,2.4,2.05,97.95,973.74
2018-12-23,SV [AQ],17.02,0.23,0.01,0.24,1.17,2.76,2.36,98.24,985.68
2018-12-24,SV [AQ],13.59,0.38,0.01,0.39,1.81,4.28,-1.98,96.49,996.58
2018-12-25,SV [AQ],19.0,0.59,0.0,0.61,6.31,13.47,4.82,91.03,992.74
2018-12-26,SV [AQ],27.49,0.42,0.0,0.44,3.87,8.73,9.9,86.77,988.04
2018-12-27,SV [AQ],29.88,0.15,0.01,0.15,2.94,10.35,7.9,88.61,987.78
2018-12-28,SV [AQ],31.15,0.18,0.0,0.19,2.27,9.47,6.15,88.02,988.86
2018-12-29,SV [AQ],33.87,0.14,0.0,0.15,0.75,3.09,5.6,91.66,988.88
2018-12-30,SV [AQ],33.36,0.12,0.0,0.12,2.53,15.79,8.85,87.4,992.5
2018-12-31,SV [AQ],36.16,0.08,0.01,0.08,2.91,18.92,8.77,83.74,990.36
2019-01-01,SV [AQ],36.8,0.08,0.01,0.08,1.79,23.75,2.31,79.53,1003.78
2019-01-02,SV [AQ],28.29,0.29,0.02,0.3,2.22,12.21,-3.59,91.52,1010.08
2019-01-03,SV [AQ],16.84,0.52,0.01,0.54,6.11,11.81,0.52,93.35,1006.48
2019-01-04,SV [AQ],25.0,0.34,0.0,0.35,4.78,9.51,4.93,86.55,1004.87
2019-01-05,SV [AQ],28.88,0.32,0.0,0.34,4.55,11.23,5.02,83.75,1000.52
2019-01-06,SV [AQ],27.3,0.27,0.01,0.27,1.88,9.67,5.14,96.61,999.25
2019-01-07,SV [AQ],38.12,0.11,0.0,0.11,1.43,14.1,6.89,86.58,985.26
2019-01-08,SV [AQ],38.07,0.08,0.01,0.08,1.71,16.72,3.46,90.34,996.92
2019-01-09,SV [AQ],31.39,0.19,0.02,0.19,1.37,5.68,0.67,97.21,998.69
2019-01-10,SV [AQ],38.65,0.1,0.01,0.1,2.53,14.01,6.7,91.56,996.08
2019-01-11,SV [AQ],38.18,0.09,0.01,0.09,1.73,8.01,6.41,90.33,992.08
2019-01-12,SV [AQ],39.92,0.06,0.0,0.06,1.39,14.55,6.96,94.14,978.69
2019-01-13,SV [AQ],39.43,0.06,0.0,0.07,1.77,19.5,5.56,89.85,973.23
2019-01-14,SV [AQ],34.62,0.11,0.01,0.11,1.29,9.8,2.05,92.06,981.55
2019-01-15,SV [AQ],38.68,0.08,0.0,0.08,1.27,10.01,7.52,89.44,969.45
2019-01-16,SV [AQ],39.7,0.08,0.0,0.09,1.03,7.24,0.98,93.28,963.65
2019-01-17,SV [AQ],35.59,0.13,0.01,0.13,1.8,22.89,-1.78,88.36,980.59
2019-01-18,SV [AQ],22.91,0.84,0.05,0.88,3.41,14.7,-3.47,86.68,977.54
2019-01-19,SV [AQ],16.04,1.17,0.04,1.23,8.1,12.41,-5.36,91.82,976.3
2019-01-20,SV [AQ],30.13,0.31,0.01,0.32,3.39,17.0,-0.41,91.0,984.53
2019-01-21,SV [AQ],40.95,0.25,0.0,0.26,1.88,14.37,2.23,84.26,975.21
2019-01-22,SV [AQ],34.23,0.14,0.01,0.14,1.88,18.33,-3.01,93.17,963.0
2019-01-23,SV [AQ],29.45,0.15,0.01,0.16,1.44,11.35,-4.25,96.25,968.36
2019-01-24,SV [AQ],27.61,0.21,0.01,0.22,1.26,5.79,-1.62,96.91,974.65
2019-01-25,SV [AQ],39.56,0.08,0.0,0.08,1.49,15.13,3.7,91.17,971.17
2019-01-26,SV [AQ],34.12,0.15,0.0,0.15,1.11,6.67,0.95,93.68,959.72
2019-01-27,SV [AQ],35.8,0.09,0.0,0.09,2.88,30.88,0.51,89.44,965.18
2019-01-28,SV [AQ],40.27,0.1,0.01,0.11,1.47,13.16,-1.03,89.03,969.95
2019-01-29,SV [AQ],34.75,0.11,0.0,0.12,1.62,15.83,-3.6,91.08,958.63
2019-01-30,SV [AQ],35.74,0.14,0.01,0.14,1.02,6.26,-1.63,88.57,957.86
2019-01-31,SV [AQ],30.3,0.19,0.01,0.2,1.48,4.97,-7.79,90.66,961.27
2019-02-01,SV [AQ],35.04,0.11,0.01,0.12,1.01,8.95,-1.14,87.53,967.66
2019-02-02,SV [AQ],29.73,0.14,0.01,0.15,1.01,9.18,-5.69,87.51,978.52
2019-02-03,SV [AQ],32.15,0.14,0.01,0.15,1.46,11.9,0.85,84.96,976.65
2019-02-04,SV [AQ],41.44,0.12,0.01,0.13,1.62,11.46,1.31,92.34,976.74
2019-02-05,SV [AQ],32.4,0.62,0.01,0.65,1.75,8.69,0.55,88.56,979.62
2019-02-06,SV [AQ],37.21,0.22,0.01,0.23,2.24,17.61,3.0,85.24,971.75
2019-02-07,SV [AQ],33.24,0.18,0.01,0.19,1.75,11.05,2.13,90.02,962.56
2019-02-08,SV [AQ],38.55,0.33,0.0,0.35,1.09,5.47,3.49,90.0,939.83
2019-02-09,SV [AQ],37.49,0.14,0.0,0.15,1.47,13.97,4.22,84.41,944.73
2019-02-10,SV [AQ],36.12,0.12,0.01,0.13,1.55,14.02,2.27,81.29,962.42
2019-02-11,SV [AQ],24.17,0.22,0.01,0.23,1.71,16.56,1.72,85.58,987.98
2019-02-12,SV [AQ],39.41,0.2,0.0,0.21,2.66,21.26,8.13,77.56,984.74
2019-02-13,SV [AQ],37.81,0.33,0.0,0.35,3.36,15.73,8.59,81.77,984.63
2019-02-14,SV [AQ],35.43,0.45,0.01,0.47,4.66,16.75,7.74,89.0,987.55
2019-02-15,SV [AQ],35.56,0.65,0.03,0.69,5.22,14.53,8.49,70.78,979.8
2019-02-16,SV [AQ],35.48,0.32,0.0,0.33,2.04,11.28,7.25,84.14,976.06
2019-02-17,SV [AQ],36.9,0.38,0.01,0.41,3.95,17.27,7.4,80.05,967.3
2019-02-18,SV [AQ],36.6,0.15,0.0,0.16,1.44,10.5,5.45,83.54,964.98
2019-02-19,SV [AQ],35.77,0.25,0.01,0.26,1.51,9.81,4.45,92.28,974.25
2019-02-20,SV [AQ],40.0,0.31,0.0,0.32,1.59,10.03,8.48,88.74,971.44
2019-02-21,SV [AQ],35.39,0.37,0.01,0.39,3.44,19.62,11.23,82.91,982.76
2019-02-22,SV [AQ],35.72,0.58,0.04,0.6,11.49,30.75,10.98,67.49,990.69
2019-02-23,SV [AQ],37.17,0.68,0.06,0.71,10.76,33.8,10.33,67.29,990.12
2019-02-24,SV [AQ],26.33,0.39,0.04,0.42,4.78,21.66,4.5,82.92,998.84
2019-02-25,SV [AQ],24.37,0.88,0.08,0.94,9.57,14.36,10.04,79.94,997.95
2019-02-26,SV [AQ],26.49,0.66,0.05,0.7,6.6,17.41,8.85,80.42,995.73
2019-02-27,SV [AQ],22.82,0.88,0.08,1.0,13.72,15.75,6.1,84.26,988.61
2019-02-28,SV [AQ],27.76,0.48,0.0,0.54,14.03,17.16,5.08,89.93,982.94
2019-03-01,SV [AQ],30.18,0.52,0.01,0.57,10.99,13.91,6.1,87.85,980.01
2019-03-02,SV [AQ],34.64,0.41,0.0,0.45,1.65,8.56,5.42,86.49,960.63
2019-03-03,SV [AQ],40.17,0.06,0.01,0.07,1.73,15.25,5.49,84.54,948.15
2019-03-04,SV [AQ],37.53,0.08,0.01,0.09,1.88,15.06,3.71,85.66,951.51
2019-03-05,SV [AQ],31.8,0.26,0.02,0.28,2.49,14.52,2.07,80.46,960.2
2019-03-06,SV [AQ],35.11,0.52,0.0,0.57,2.73,7.95,3.07,89.04,954.17
2019-03-07,SV [AQ],37.21,0.43,0.01,0.45,1.79,13.31,2.86,86.21,959.07
2019-03-08,SV [AQ],40.08,0.16,0.01,0.18,1.74,11.97,1.9,88.07,964.28
2019-03-09,SV [AQ],50.12,0.06,0.01,0.07,2.5,31.42,1.78,78.64,965.88
2019-03-10,SV [AQ],42.89,0.16,0.01,0.18,1.82,11.64,0.21,91.86,965.4
2019-03-11,SV [AQ],47.24,0.18,0.01,0.18,2.09,19.57,2.53,83.42,974.92
2019-03-12,SV [AQ],43.96,0.09,0.01,0.09,1.83,18.37,3.23,84.65,947.63
2019-03-13,SV [AQ],43.2,0.09,0.01,0.1,1.57,12.61,4.54,88.49,960.93
2019-03-14,SV [AQ],43.41,0.06,0.01,0.07,2.06,23.06,4.82,86.58,958.83
2019-03-15,SV [AQ],43.6,0.07,0.01,0.08,2.23,24.63,2.79,88.54,960.06
2019-03-16,SV [AQ],42.5,0.13,0.02,0.15,2.3,20.68,1.3,90.91,957.55
2019-03-17,SV [AQ],42.75,0.09,0.01,0.1,1.95,19.39,2.35,85.11,967.4
2019-03-18,SV [AQ],39.18,0.15,0.01,0.17,1.7,10.59,2.75,87.51,982.55
2019-03-19,SV [AQ],42.11,0.12,0.01,0.13,2.37,19.3,7.82,84.12,984.49
2019-03-20,SV [AQ],39.37,0.11,0.01,0.12,2.47,19.96,8.79,80.6,987.35
2019-03-21,SV [AQ],39.57,0.17,0.01,0.19,1.73,8.64,9.01,82.82,990.59
2019-03-22,SV [AQ],41.83,0.23,0.01,0.24,3.14,18.3,6.63,76.61,980.73
2019-03-23,SV [AQ],45.32,0.05,0.01,0.06,2.54,33.27,3.92,74.93,991.93
2019-03-24,SV [AQ],46.26,0.05,0.01,0.06,2.6,31.08,3.74,84.75,987.72
2019-03-25,SV [AQ],42.53,0.1,0.02,0.11,2.17,22.04,5.27,82.94,997.88
2019-03-26,SV [AQ],47.88,0.08,0.0,0.08,2.65,16.91,7.43,83.2,995.08
2019-03-27,SV [AQ],45.46,0.09,0.0,0.1,3.76,21.79,9.02,79.4,996.02
2019-03-28,SV [AQ],45.78,0.11,0.0,0.12,3.6,20.66,7.78,81.56,993.7
2019-03-29,SV [AQ],43.84,0.12,0.0,0.13,2.92,14.66,7.28,88.27,987.2
2019-03-30,SV [AQ],42.96,0.08,0.02,0.09,1.96,21.2,3.16,83.52,989.48
2019-03-31,SV [AQ],35.22,0.14,0.02,0.16,1.46,9.34,1.75,76.03,994.95
2019-04-01,SV [AQ],35.83,0.42,0.01,0.5,4.74,10.43,2.22,87.09,981.17
2019-04-02,SV [AQ],41.41,0.08,0.01,0.09,2.44,20.94,2.45,81.92,970.62
2019-04-03,SV [AQ],42.45,0.24,0.01,0.3,2.02,10.8,2.94,86.11,970.7
2019-04-04,SV [AQ],38.6,0.55,0.0,0.64,5.02,7.44,3.32,88.41,968.44
2019-04-05,SV [AQ],40.48,0.63,0.01,0.71,13.69,21.87,5.38,76.73,975.47
2019-04-06,SV [AQ],37.95,0.45,0.06,0.51,11.12,18.59,4.89,84.75,980.68
2019-04-07,SV [AQ],39.73,0.2,0.02,0.23,5.51,23.12,4.8,88.11,984.14
2019-04-08,SV [AQ],43.21,0.16,0.06,0.17,3.82,25.75,4.79,80.42,986.4
2019-04-09,SV [AQ],39.72,0.36,0.02,0.4,5.35,10.77,5.6,73.43,988.91
2019-04-10,SV [AQ],35.06,0.41,0.03,0.44,3.48,5.81,3.76,84.2,990.99
2019-04-11,SV [AQ],36.78,0.27,0.03,0.29,3.45,5.89,5.65,86.1,992.48
2019-04-12,SV [AQ],38.62,0.47,0.01,0.53,8.26,10.97,5.9,72.84,993.76
2019-04-13,SV [AQ],43.35,0.21,0.01,0.23,3.23,6.14,3.98,60.56,994.85
2019-04-14,SV [AQ],44.87,0.22,0.01,0.24,2.81,5.23,4.22,60.35,994.28
2019-04-15,SV [AQ],47.3,0.23,0.0,0.26,5.77,9.94,5.61,64.75,988.21
2019-04-16,SV [AQ],42.75,0.46,0.03,0.52,14.68,25.54,6.85,79.21,987.33
2019-04-17,SV [AQ],41.74,0.34,0.11,0.38,7.91,18.08,7.31,69.15,990.63
2019-04-18,SV [AQ],39.92,0.5,0.21,0.55,14.92,19.96,9.92,66.37,995.1
2019-04-19,SV [AQ],39.44,0.62,0.2,0.68,14.37,19.87,12.58,57.5,996.21
2019-04-20,SV [AQ],37.37,0.21,0.02,0.22,10.01,17.01,12.95,74.27,995.5
2019-04-21,SV [AQ],42.9,0.27,0.02,0.3,9.75,14.76,14.27,73.01,981.47
2019-04-22,SV [AQ],45.02,0.51,0.11,0.56,16.07,23.98,15.03,47.8,973.0
2019-04-23,SV [AQ],48.63,0.6,0.22,0.68,14.83,24.01,11.87,60.35,969.75
2019-04-24,SV [AQ],49.1,0.49,0.03,0.55,13.72,30.75,10.08,72.75,965.63
2019-04-25,SV [AQ],45.43,0.5,0.01,0.54,10.08,18.58,10.35,73.96,964.9
2019-04-26,SV [AQ],40.54,0.53,0.01,0.58,3.4,5.14,9.07,77.64,966.49
2019-04-27,SV [AQ],39.65,0.37,0.01,0.41,2.84,10.99,7.71,79.03,972.83
2019-04-28,SV [AQ],39.22,0.19,0.01,0.21,2.74,8.72,9.47,75.86,987.43
2019-04-29,SV [AQ],35.97,0.43,0.03,0.49,3.4,7.36,9.22,73.32,991.93
2019-04-30,SV [AQ],36.62,0.43,0.02,0.48,4.5,7.45,8.88,80.42,989.13
2019-05-01,SV [AQ],37.8,0.2,0.01,0.22,2.92,3.84,8.91,90.87,984.02
2019-05-02,SV [AQ],43.21,0.11,0.01,0.13,2.57,10.82,5.56,80.97,983.12
2019-05-03,SV [AQ],37.84,0.06,0.01,0.07,2.82,27.1,2.53,79.59,986.72
2019-05-04,SV [AQ],43.66,0.06,0.02,0.07,2.3,20.24,2.8,79.82,993.55
2019-05-05,SV [AQ],45.04,0.08,0.02,0.09,2.03,10.58,3.84,86.97,991.59
2019-05-06,SV [AQ],32.73,0.08,0.02,0.1,2.84,22.82,3.7,77.35,988.51
2019-05-07,SV [AQ],34.79,0.16,0.01,0.18,2.77,16.16,3.8,68.36,981.32
2019-05-08,SV [AQ],37.2,0.22,0.0,0.27,2.72,12.7,3.47,83.8,970.69
2019-05-09,SV [AQ],37.12,0.11,0.01,0.13,1.99,9.46,3.9,78.72,972.25
2019-05-10,SV [AQ],31.84,0.1,0.01,0.12,1.87,8.26,3.89,78.27,977.68
2019-05-11,SV [AQ],31.54,0.1,0.02,0.12,2.29,9.6,4.64,71.66,990.39
2019-05-12,SV [AQ],37.47,0.11,0.02,0.12,1.67,5.51,7.15,61.79,1001.68
2019-05-13,SV [AQ],39.96,0.24,0.05,0.27,2.41,5.21,11.16,54.01,1002.67
2019-05-14,SV [AQ],39.98,0.35,0.05,0.4,3.16,5.97,11.39,59.75,999.5
2019-05-15,SV [AQ],40.5,0.43,0.04,0.48,3.59,5.36,14.04,60.01,993.4
2019-05-16,SV [AQ],41.64,0.47,0.04,0.52,6.37,9.88,12.2,72.32,988.32
2019-05-17,SV [AQ],43.3,0.29,0.04,0.32,3.52,7.46,10.18,62.08,985.92
2019-05-18,SV [AQ],47.0,0.24,0.02,0.27,2.61,4.57,9.39,84.55,978.5
2019-05-19,SV [AQ],42.07,0.27,0.0,0.31,1.46,2.23,10.18,89.09,977.17
2019-05-20,SV [AQ],39.13,0.15,0.01,0.17,1.4,2.04,9.67,88.17,981.69
2019-05-21,SV [AQ],42.78,0.1,0.01,0.11,1.78,3.55,8.51,80.03,985.93
2019-05-22,SV [AQ],41.61,0.12,0.01,0.15,1.26,2.26,7.9,93.76,983.08
2019-05-23,SV [AQ],38.2,0.09,0.0,0.11,3.64,18.24,7.2,93.02,979.93
2019-05-24,SV [AQ],40.4,0.11,0.01,0.13,3.44,22.76,7.5,82.81,984.01
2019-05-25,SV [AQ],37.29,0.15,0.0,0.18,1.72,6.41,7.87,86.69,982.01
2019-05-26,SV [AQ],34.33,0.16,0.0,0.2,0.78,2.14,7.75,90.04,970.97
2019-05-27,SV [AQ],37.59,0.11,0.01,0.13,1.44,3.55,6.91,78.15,975.06
2019-05-28,SV [AQ],36.61,0.08,0.01,0.09,1.68,5.84,4.52,75.94,981.92
2019-05-29,SV [AQ],36.18,0.12,0.02,0.14,1.57,2.73,7.18,67.18,979.25
2019-05-30,SV [AQ],37.59,0.21,0.01,0.25,1.48,2.53,6.69,89.75,980.5
2019-05-31,SV [AQ],31.26,0.2,0.0,0.25,1.31,4.07,9.49,91.89,980.28
2019-06-01,SV [AQ],29.37,0.07,0.01,0.09,3.75,19.86,10.93,75.79,980.33
2019-06-02,SV [AQ],32.29,0.26,0.01,0.32,2.01,5.0,11.88,83.84,965.92
2019-06-03,SV [AQ],33.63,0.08,0.01,0.1,1.87,8.21,9.94,81.03,964.72
2019-06-04,SV [AQ],32.77,0.09,0.01,0.11,3.03,9.93,8.82,83.05,973.3
2019-06-05,SV [AQ],31.94,0.16,0.01,0.19,4.04,13.25,7.6,85.26,973.43
2019-06-06,SV [AQ],36.02,0.19,0.01,0.23,2.4,4.73,8.28,89.15,974.92
2019-06-07,SV [AQ],35.58,0.29,0.02,0.33,3.1,4.58,10.9,71.49,976.24
2019-06-08,SV [AQ],41.34,0.22,0.02,0.24,4.51,6.58,10.73,73.66,977.32
2019-06-09,SV [AQ],33.7,0.16,0.01,0.18,2.92,4.42,9.5,84.59,982.89
2019-06-10,SV [AQ],30.67,0.11,0.01,0.14,1.64,3.16,9.01,76.01,989.3
2019-06-11,SV [AQ],31.46,0.11,0.01,0.13,3.85,15.22,8.72,82.46,992.84
2019-06-12,SV [AQ],34.9,0.13,0.01,0.15,4.84,25.64,7.97,81.6,989.86
2019-06-13,SV [AQ],33.54,0.08,0.01,0.09,2.63,10.97,7.12,84.78,974.99
2019-06-14,SV [AQ],31.34,0.13,0.01,0.15,1.79,3.94,10.31,70.79,971.03
2019-06-15,SV [AQ],36.51,0.3,0.01,0.35,2.94,4.55,11.91,74.64,976.0
2019-06-16,SV [AQ],36.94,0.12,0.0,0.14,1.95,3.11,9.98,77.05,975.04
2019-06-17,SV [AQ],32.01,0.2,0.0,0.24,1.63,2.8,10.5,80.37,973.22
2019-06-18,SV [AQ],34.57,0.09,0.01,0.11,2.38,5.63,10.67,79.01,974.33
2019-06-19,SV [AQ],32.52,0.09,0.01,0.11,3.72,8.43,11.18,72.18,972.74
2019-06-20,SV [AQ],31.36,0.08,0.01,0.09,2.47,7.13,9.6,76.55,972.43
2019-06-21,SV [AQ],27.35,0.07,0.03,0.08,3.13,6.24,9.07,76.22,982.48
2019-06-22,SV [AQ],26.18,0.13,0.02,0.16,2.76,4.84,11.55,69.28,987.41
2019-06-23,SV [AQ],33.62,0.19,0.02,0.22,4.49,6.28,14.3,72.4,989.62
2019-06-24,SV [AQ],38.22,0.3,0.0,0.35,1.86,2.71,11.24,80.61,990.16
2019-06-25,SV [AQ],35.87,0.17,0.01,0.2,2.09,4.99,11.47,79.84,994.9
2019-06-26,SV [AQ],29.37,0.13,0.01,0.16,2.71,4.45,10.6,82.34,1000.28
2019-06-27,SV [AQ],27.43,0.14,0.01,0.16,3.39,7.11,14.87,75.15,999.73
2019-06-28,SV [AQ],27.27,0.33,0.03,0.38,3.74,6.58,18.45,70.27,990.97
2019-06-29,SV [AQ],32.92,0.45,0.01,0.51,8.91,17.37,17.46,74.0,980.23
2019-06-30,SV [AQ],25.39,0.1,0.01,0.12,2.6,6.67,12.91,83.08,971.53
2019-07-01,SV [AQ],27.21,0.07,0.02,0.09,3.1,11.65,9.62,91.7,982.09
2019-07-02,SV [AQ],27.96,0.08,0.02,0.1,3.94,14.99,9.42,84.24,991.83
2019-07-03,SV [AQ],25.63,0.07,0.02,0.09,2.49,5.43,10.86,87.72,994.25
2019-07-04,SV [AQ],26.03,0.08,0.01,0.09,1.47,2.97,11.95,81.92,987.57
2019-07-05,SV [AQ],19.58,0.08,0.0,0.11,1.83,4.54,11.42,85.38,981.58
2019-07-06,SV [AQ],25.2,0.08,0.01,0.1,2.44,9.36,9.18,82.6,982.93
2019-07-07,SV [AQ],29.03,0.08,0.01,0.1,1.82,5.87,9.33,78.37,987.53
2019-07-08,SV [AQ],29.01,0.19,0.02,0.22,1.94,3.45,11.55,69.75,987.96
2019-07-09,SV [AQ],24.47,0.3,0.01,0.37,1.84,3.3,13.62,91.22,983.91
2019-07-10,SV [AQ],22.1,0.16,0.0,0.19,1.16,1.52,15.8,87.26,980.84
2019-07-11,SV [AQ],21.93,0.16,0.01,0.19,1.27,1.47,14.53,91.36,977.24
2019-07-12,SV [AQ],24.97,0.15,0.0,0.19,1.42,2.37,13.89,91.47,984.48
2019-07-13,SV [AQ],21.77,0.12,0.01,0.14,1.75,4.72,12.41,88.28,991.81
2019-07-14,SV [AQ],24.19,0.16,0.01,0.19,1.83,4.19,13.02,77.0,993.33
2019-07-15,SV [AQ],24.79,0.25,0.01,0.28,1.9,3.07,13.69,79.51,989.08
2019-07-16,SV [AQ],26.65,0.28,0.01,0.31,3.17,5.35,14.7,75.89,983.96
2019-07-17,SV [AQ],25.5,0.2,0.01,0.24,1.81,3.27,13.8,85.37,974.21
2019-07-18,SV [AQ],18.88,0.09,0.01,0.11,1.93,6.69,12.82,82.76,970.29
2019-07-19,SV [AQ],20.06,0.11,0.01,0.14,2.06,6.0,14.1,76.97,971.57
2019-07-20,SV [AQ],25.61,0.26,0.0,0.3,1.54,2.52,13.23,82.31,971.73
2019-07-21,SV [AQ],22.24,0.15,0.01,0.18,1.78,3.38,14.47,79.99,976.52
2019-07-22,SV [AQ],23.59,0.22,0.01,0.25,0.72,1.25,16.6,87.58,975.33
2019-07-23,SV [AQ],29.14,0.2,0.01,0.23,2.63,6.65,20.55,68.91,979.93
2019-07-24,SV [AQ],28.36,0.43,0.0,0.49,4.05,5.54,17.57,80.79,976.26
2019-07-25,SV [AQ],35.49,0.45,0.03,0.51,8.17,12.64,20.85,69.09,976.9
2019-07-26,SV [AQ],32.46,0.43,0.02,0.47,8.16,14.37,21.19,62.6,975.68
2019-07-27,SV [AQ],30.81,0.36,0.01,0.42,4.77,10.23,15.52,90.63,978.69
2019-07-28,SV [AQ],44.1,0.37,0.02,0.41,8.56,16.64,18.25,82.21,977.57
2019-07-29,SV [AQ],43.93,0.3,0.0,0.33,10.48,14.32,17.97,82.08,974.88
2019-07-30,SV [AQ],33.24,0.23,0.01,0.26,1.95,2.54,15.36,92.55,977.32
2019-07-31,SV [AQ],31.37,0.21,0.01,0.23,2.28,3.11,14.8,93.2,981.86
2019-08-01,SV [AQ],31.26,0.18,0.0,0.2,2.12,3.21,14.7,87.25,988.53
2019-08-02,SV [AQ],31.25,0.34,0.01,0.37,2.55,3.88,16.06,79.48,989.83
2019-08-03,SV [AQ],30.4,0.31,0.01,0.36,3.14,5.11,15.9,77.44,986.47
2019-08-04,SV [AQ],34.66,0.38,0.0,0.43,3.37,4.88,15.16,84.3,979.31
2019-08-05,SV [AQ],27.58,0.32,0.01,0.37,2.12,3.27,15.34,83.01,970.59
2019-08-06,SV [AQ],22.35,0.23,0.01,0.27,1.36,2.28,12.75,92.68,967.75
2019-08-07,SV [AQ],32.66,0.21,0.0,0.24,1.74,4.62,13.65,92.49,968.81
2019-08-08,SV [AQ],30.84,0.11,0.01,0.13,2.24,8.57,12.93,84.11,977.34
2019-08-09,SV [AQ],34.3,0.24,0.0,0.27,1.49,3.41,12.5,86.94,968.53
2019-08-10,SV [AQ],32.97,0.24,0.0,0.29,1.3,5.51,12.94,91.72,962.31
2019-08-11,SV [AQ],27.07,0.09,0.01,0.1,1.44,8.88,9.6,89.45,975.35
2019-08-12,SV [AQ],25.08,0.11,0.02,0.12,1.62,4.87,10.01,81.03,979.24
2019-08-13,SV [AQ],27.95,0.07,0.01,0.09,2.24,11.27,9.36,81.53,979.61
2019-08-14,SV [AQ],30.41,0.24,0.02,0.26,1.92,4.98,10.38,87.23,973.82
2019-08-15,SV [AQ],28.28,0.26,0.01,0.28,1.07,2.49,11.76,80.97,972.93
2019-08-16,SV [AQ],25.79,0.24,0.01,0.28,1.63,7.39,14.1,81.02,963.49
2019-08-17,SV [AQ],27.24,0.1,0.02,0.11,2.48,15.08,11.75,80.56,958.54
2019-08-18,SV [AQ],25.44,0.12,0.01,0.14,1.18,3.7,11.8,89.64,958.8
2019-08-19,SV [AQ],26.79,0.11,0.02,0.13,1.67,9.96,11.12,88.65,971.64
2019-08-20,SV [AQ],27.95,0.1,0.02,0.12,2.07,14.44,10.86,80.63,984.45
2019-08-21,SV [AQ],28.21,0.2,0.01,0.24,1.66,5.5,11.89,81.61,982.28
2019-08-22,SV [AQ],32.85,0.07,0.01,0.08,2.33,15.44,12.91,74.18,977.45
2019-08-23,SV [AQ],31.16,0.15,0.01,0.16,2.79,10.3,15.18,77.51,982.87
2019-08-24,SV [AQ],32.75,0.36,0.03,0.4,4.82,8.28,15.13,77.77,984.11
2019-08-25,SV [AQ],37.49,0.37,0.04,0.41,9.22,11.24,16.43,77.29,985.34
2019-08-26,SV [AQ],31.68,0.16,0.0,0.18,4.75,6.56,16.25,66.59,982.58
2019-08-27,SV [AQ],28.81,0.36,0.01,0.41,3.06,4.03,14.48,84.16,980.39
2019-08-28,SV [AQ],28.58,0.36,0.01,0.41,2.67,4.66,11.9,87.09,974.38
2019-08-29,SV [AQ],27.87,0.14,0.01,0.17,2.18,9.95,12.0,80.06,972.9
2019-08-30,SV [AQ],27.09,0.14,0.01,0.15,0.94,2.51,12.18,91.95,971.92
2019-08-31,SV [AQ],28.42,0.15,0.01,0.17,0.77,1.63,9.4,92.86,969.0
2019-09-01,SV [AQ],29.46,0.08,0.01,0.09,1.25,7.59,8.22,88.88,979.65
2019-09-02,SV [AQ],33.53,0.1,0.01,0.12,1.02,3.79,10.95,91.34,978.19
2019-09-03,SV [AQ],27.75,0.11,0.01,0.12,1.1,3.94,11.3,91.03,979.01
2019-09-04,SV [AQ],31.72,0.07,0.01,0.08,1.36,11.37,8.84,81.91,977.63
2019-09-05,SV [AQ],34.49,0.08,0.02,0.09,2.15,14.76,10.2,81.66,984.33
2019-09-06,SV [AQ],33.97,0.07,0.01,0.08,1.43,10.35,9.55,89.44,980.45
2019-09-07,SV [AQ],29.94,0.13,0.02,0.14,1.18,4.63,8.18,79.34,993.31
2019-09-08,SV [AQ],25.17,0.19,0.01,0.2,1.43,3.72,9.95,86.56,986.85
2019-09-09,SV [AQ],26.62,0.4,0.01,0.47,1.17,3.56,10.97,94.87,979.08
2019-09-10,SV [AQ],30.87,0.18,0.01,0.2,1.61,9.96,10.22,83.56,978.39
2019-09-11,SV [AQ],31.93,0.07,0.01,0.07,2.52,24.62,11.97,77.39,973.6
2019-09-12,SV [AQ],34.01,0.07,0.01,0.08,2.41,21.87,10.5,79.18,985.8
2019-09-13,SV [AQ],33.07,0.07,0.01,0.08,2.47,20.26,10.55,75.54,996.95
2019-09-14,SV [AQ],35.27,0.13,0.01,0.14,1.67,11.13,11.76,78.72,985.5
2019-09-15,SV [AQ],40.32,0.07,0.02,0.08,2.41,27.0,9.18,70.27,986.25
2019-09-16,SV [AQ],34.74,0.08,0.02,0.08,2.06,18.27,8.85,80.12,987.32
2019-09-17,SV [AQ],31.66,0.1,0.02,0.11,1.86,18.4,8.1,77.28,993.22
2019-09-18,SV [AQ],27.95,0.14,0.01,0.16,1.68,5.14,10.63,94.46,994.81
2019-09-19,SV [AQ],28.06,0.17,0.01,0.18,1.68,3.37,11.53,87.42,995.85
2019-09-20,SV [AQ],24.65,0.41,0.05,0.45,3.86,5.9,11.57,74.55,990.17
2019-09-21,SV [AQ],26.51,1.15,0.05,1.27,8.59,25.56,14.07,66.11,978.96
2019-09-22,SV [AQ],33.28,0.79,0.08,0.85,10.3,21.43,13.12,82.29,971.64
2019-09-23,SV [AQ],29.0,0.69,0.01,0.75,4.64,7.49,13.08,84.02,970.76
2019-09-24,SV [AQ],26.65,0.97,0.01,1.09,1.9,3.88,14.26,82.74,966.83
2019-09-25,SV [AQ],28.99,0.76,0.0,0.83,2.68,6.69,13.82,88.3,964.57
2019-09-26,SV [AQ],25.73,0.71,0.0,0.76,1.9,4.81,11.63,84.48,959.19
2019-09-27,SV [AQ],22.34,0.23,0.01,0.25,0.83,1.15,8.97,92.37,962.09
2019-09-28,SV [AQ],21.68,0.17,0.01,0.19,1.07,2.1,9.23,93.4,968.26
2019-09-29,SV [AQ],27.79,0.27,0.0,0.31,1.67,3.68,10.58,87.83,970.35
2019-09-30,SV [AQ],35.46,0.12,0.01,0.12,1.81,13.72,7.75,79.32,976.11
2019-10-01,SV [AQ],35.81,0.13,0.01,0.14,2.2,21.91,4.75,81.3,977.6
2019-10-02,SV [AQ],28.59,0.08,0.01,0.09,3.52,40.89,5.17,88.47,986.48
2019-10-03,SV [AQ],30.01,0.26,0.01,0.28,2.8,19.94,5.82,83.73,979.51
2019-10-04,SV [AQ],32.45,0.46,0.0,0.49,3.36,15.7,8.15,83.15,976.63
2019-10-05,SV [AQ],30.13,0.41,0.01,0.45,2.34,7.25,7.54,86.91,979.83
2019-10-06,SV [AQ],33.47,0.59,0.0,0.64,1.92,3.07,9.41,86.3,979.07
2019-10-07,SV [AQ],32.96,0.43,0.01,0.45,3.14,17.05,10.36,78.6,967.48
2019-10-08,SV [AQ],32.44,0.08,0.01,0.09,1.46,11.77,9.46,81.14,956.21
2019-10-09,SV [AQ],34.67,0.08,0.0,0.09,0.98,6.47,9.31,84.65,955.43
2019-10-10,SV [AQ],32.06,0.14,0.01,0.16,1.34,9.34,8.61,86.4,961.71
2019-10-11,SV [AQ],35.09,0.1,0.01,0.11,0.74,2.62,9.05,84.38,957.45
2019-10-12,SV [AQ],33.24,0.13,0.01,0.14,0.98,3.38,6.88,82.85,966.56
2019-10-13,SV [AQ],23.13,0.5,0.02,0.53,2.76,3.96,5.16,88.06,970.33
2019-10-14,SV [AQ],21.09,0.6,0.02,0.64,3.61,4.67,7.1,85.56,974.38
2019-10-15,SV [AQ],26.83,0.64,0.01,0.68,3.31,5.03,7.77,83.85,969.14
2019-10-16,SV [AQ],25.15,0.43,0.01,0.47,2.12,7.3,7.7,84.02,964.66
2019-10-17,SV [AQ],25.08,0.65,0.01,0.69,3.24,11.37,4.74,87.2,966.55
2019-10-18,SV [AQ],30.33,0.81,0.0,0.87,3.78,8.2,8.25,83.6,964.74
2019-10-19,SV [AQ],30.06,0.27,0.0,0.29,2.76,13.66,7.26,82.84,973.22
2019-10-20,SV [AQ],38.06,0.09,0.01,0.1,1.83,17.78,4.59,83.78,986.96
2019-10-21,SV [AQ],35.09,0.16,0.01,0.17,1.35,5.9,6.15,76.2,987.07
2019-10-22,SV [AQ],41.03,0.12,0.01,0.12,1.97,14.8,10.43,78.84,977.91
2019-10-23,SV [AQ],37.0,0.55,0.0,0.58,1.66,5.96,10.28,80.42,968.89
2019-10-24,SV [AQ],33.92,0.12,0.01,0.12,1.65,15.02,6.1,82.9,965.0
2019-10-25,SV [AQ],36.19,0.05,0.01,0.05,1.64,15.55,3.92,65.3,968.17
2019-10-26,SV [AQ],37.63,0.07,0.01,0.08,2.34,24.46,4.63,83.5,967.96
2019-10-27,SV [AQ],38.05,0.07,0.01,0.08,2.03,20.02,4.5,90.38,985.16
2019-10-28,SV [AQ],36.92,0.1,0.01,0.1,1.44,10.78,3.2,90.27,996.21
2019-10-29,SV [AQ],32.61,0.19,0.01,0.2,1.93,14.06,1.41,88.06,999.77
2019-10-30,SV [AQ],26.83,0.27,0.01,0.29,2.3,10.06,-0.16,90.08,996.13
2019-10-31,SV [AQ],24.49,0.54,0.02,0.57,4.03,7.81,0.42,87.35,985.97
2019-11-01,SV [AQ],22.05,1.32,0.01,1.44,4.37,5.48,5.04,91.51,962.02
2019-11-02,SV [AQ],19.37,2.15,0.0,2.35,0.71,2.95,9.11,90.41,946.02
2019-11-03,SV [AQ],24.42,0.99,0.0,1.05,1.11,6.06,7.45,89.74,953.0
2019-11-04,SV [AQ],28.67,0.55,0.0,0.58,1.61,9.48,7.08,87.02,963.27
2019-11-05,SV [AQ],33.34,0.26,0.01,0.27,1.95,15.21,3.55,81.69,976.22
2019-11-06,SV [AQ],26.69,0.37,0.01,0.39,1.85,6.47,-0.13,90.22,970.49
2019-11-07,SV [AQ],36.04,0.34,0.01,0.35,1.59,7.86,2.77,82.86,972.64
2019-11-08,SV [AQ],31.39,0.26,0.01,0.27,1.54,8.32,-0.46,86.53,980.92
2019-11-09,SV [AQ],30.16,0.54,0.01,0.56,2.3,6.36,0.74,81.62,977.2
2019-11-10,SV [AQ],32.91,0.44,0.02,0.46,1.99,5.39,0.13,84.07,979.58
2019-11-11,SV [AQ],28.8,0.95,0.01,0.99,2.57,3.72,1.94,93.97,958.81
2019-11-12,SV [AQ],25.73,0.55,0.0,0.58,2.35,9.75,2.79,90.15,965.19
2019-11-13,SV [AQ],19.81,0.25,0.01,0.26,1.37,4.22,-2.42,89.43,965.94
2019-11-14,SV [AQ],32.6,0.16,0.01,0.16,1.55,13.73,0.3,91.15,978.92
2019-11-15,SV [AQ],26.46,0.3,0.0,0.31,2.41,15.89,2.29,88.74,985.52
2019-11-16,SV [AQ],17.21,0.5,0.01,0.53,3.89,7.26,-0.13,95.71,978.03
2019-11-17,SV [AQ],31.16,0.23,0.01,0.23,1.55,8.62,0.35,95.04,983.25
2019-11-18,SV [AQ],28.14,0.17,0.02,0.18,1.48,10.53,-2.93,92.2,985.33
2019-11-19,SV [AQ],21.18,0.76,0.03,0.78,2.86,7.63,-1.42,85.48,978.63
2019-11-20,SV [AQ],15.36,1.91,0.01,2.01,10.57,14.64,3.54,86.52,975.82
2019-11-21,SV [AQ],29.02,1.08,0.02,1.11,9.34,18.33,3.14,77.85,974.12
2019-11-22,SV [AQ],22.92,1.33,0.0,1.39,6.46,11.16,5.03,84.15,968.08
2019-11-23,SV [AQ],24.38,1.11,0.0,1.15,5.09,11.15,6.1,87.89,972.78
2019-11-24,SV [AQ],20.08,0.9,0.0,0.93,4.55,8.15,6.41,93.96,970.17
2019-11-25,SV [AQ],17.21,1.37,0.01,1.42,8.81,12.37,4.25,95.66,969.29
2019-11-26,SV [AQ],20.04,1.62,0.0,1.66,1.7,3.25,7.5,92.95,961.73
2019-11-27,SV [AQ],16.83,1.78,0.0,1.89,0.7,2.18,6.51,87.16,959.7
2019-11-28,SV [AQ],36.81,0.15,0.01,0.15,1.76,19.41,2.64,84.06,971.96
2019-11-29,SV [AQ],31.15,0.14,0.01,0.14,1.22,11.18,-0.41,88.8,985.72
2019-11-30,SV [AQ],22.32,0.17,0.01,0.17,0.96,2.98,-3.38,89.4,991.41
2019-12-01,SV [AQ],33.42,0.15,0.01,0.15,1.13,5.47,1.54,93.74,994.26
2019-12-02,SV [AQ],36.56,0.11,0.0,0.11,1.33,6.43,6.38,90.63,991.18
2019-12-03,SV [AQ],31.49,0.28,0.0,0.28,3.22,13.53,7.11,73.05,983.04
2019-12-04,SV [AQ],35.49,0.24,0.0,0.25,2.71,18.41,6.16,78.91,973.35
2019-12-05,SV [AQ],38.65,0.07,0.0,0.08,1.06,9.11,7.82,84.95,962.47
2019-12-06,SV [AQ],36.04,0.11,0.0,0.11,1.09,8.72,6.87,92.09,960.48
2019-12-07,SV [AQ],33.36,0.16,0.0,0.16,0.66,2.24,6.77,92.25,961.48
2019-12-08,SV [AQ],37.95,0.07,0.0,0.07,1.08,8.17,4.47,84.25,944.45
2019-12-09,SV [AQ],34.76,0.13,0.01,0.14,0.66,2.71,1.86,85.36,975.33
2019-12-10,SV [AQ],36.63,0.21,0.0,0.21,1.16,7.54,6.25,81.29,954.19
2019-12-11,SV [AQ],39.85,0.06,0.0,0.06,1.56,15.18,2.72,79.89,953.28
2019-12-12,SV [AQ],30.77,0.37,0.01,0.38,1.74,9.2,0.89,90.02,948.28
2019-12-13,SV [AQ],34.25,0.38,0.0,0.39,1.61,3.54,2.79,93.02,941.85
2019-12-14,SV [AQ],32.71,0.19,0.01,0.19,0.66,1.87,1.05,95.72,940.68
2019-12-15,SV [AQ],35.86,0.11,0.01,0.11,0.91,5.82,1.1,85.08,948.23
2019-12-16,SV [AQ],27.01,0.59,0.01,0.6,1.67,4.41,-2.09,93.21,956.28
2019-12-17,SV [AQ],32.62,0.29,0.0,0.3,0.95,1.94,-1.24,96.07,962.48
2019-12-18,SV [AQ],26.17,0.68,0.01,0.69,2.32,5.75,0.45,89.39,966.93
2019-12-19,SV [AQ],32.28,1.0,0.0,1.01,2.3,10.74,5.54,80.65,955.78
2019-12-20,SV [AQ],25.8,1.18,0.0,1.2,1.57,3.06,5.04,90.74,941.71
2019-12-21,SV [AQ],28.56,0.38,0.01,0.39,2.62,8.82,2.37,85.28,941.64
2019-12-22,SV [AQ],19.59,0.81,0.01,0.83,4.2,6.56,-2.21,95.82,949.47
2019-12-23,SV [AQ],24.21,0.3,0.01,0.31,1.34,4.46,1.12,97.02,962.27
2019-12-24,SV [AQ],25.83,0.28,0.0,0.29,1.0,1.84,1.01,98.48,971.33
2019-12-25,SV [AQ],29.86,0.21,0.0,0.22,0.92,1.97,0.95,97.1,986.84
2019-12-26,SV [AQ],29.26,0.7,0.01,0.71,3.02,7.13,1.9,87.22,983.74
2019-12-27,SV [AQ],25.63,1.02,0.01,1.06,3.16,8.0,6.99,86.77,986.04
2019-12-28,SV [AQ],32.22,0.5,0.0,0.51,2.08,9.64,10.15,84.11,987.11
2019-12-29,SV [AQ],35.35,0.28,0.0,0.28,2.18,16.73,11.16,77.39,981.33
2019-12-30,SV [AQ],36.49,0.09,0.01,0.09,0.88,6.23,5.56,87.18,987.61
2019-12-31,SV [AQ],29.75,0.27,0.01,0.27,1.08,4.47,3.43,81.98,996.29
